,frame,timestamp,emotion,score,old_emotion,scene,emotion_shift
0,0,0.0,no_emotion,0.74,neutral,0,False
1,3,0.1304347826086956,no_emotion,0.74,neutral,0,False
2,6,0.2608695652173913,no_emotion,0.79,neutral,0,False
3,9,0.391304347826087,no_emotion,0.71,neutral,0,False
4,12,0.5217391304347826,no_emotion,0.8,neutral,0,False
5,15,0.6521739130434783,no_emotion,0.44,neutral,0,False
6,18,0.782608695652174,no_emotion,0.55,neutral,0,False
7,21,0.9130434782608696,no_emotion,0.52,neutral,0,False
8,24,1.0434782608695652,no_emotion,0.38,neutral,0,False
9,27,1.173913043478261,no_emotion,0.5,neutral,0,False
10,30,1.3043478260869563,no_emotion,0.48,neutral,0,False
11,33,1.434782608695652,no_emotion,0.57,happy,0,False
12,36,1.565217391304348,no_emotion,0.34,sad,0,False
13,39,1.6956521739130437,no_emotion,0.73,neutral,0,False
14,42,1.826086956521739,no_emotion,0.7,neutral,0,False
15,45,1.9565217391304348,no_emotion,0.71,neutral,0,False
16,48,2.0869565217391304,no_emotion,0.75,neutral,0,False
17,51,2.217391304347826,no_emotion,0.78,neutral,0,False
18,54,2.347826086956522,no_emotion,0.79,neutral,0,False
19,57,2.4782608695652173,no_emotion,0.77,neutral,0,False
20,60,2.608695652173913,no_emotion,0.75,neutral,1,False
21,63,2.739130434782609,no_emotion,0.0,,1,False
22,66,2.869565217391304,no_emotion,0.0,,1,False
23,69,3.0,no_emotion,0.0,,1,False
24,72,3.130434782608696,no_emotion,0.0,,1,False
25,75,3.260869565217391,no_emotion,0.0,,1,False
26,78,3.391304347826087,no_emotion,0.0,,1,False
27,81,3.5217391304347827,no_emotion,0.0,,1,False
28,84,3.652173913043478,no_emotion,0.0,,1,False
29,87,3.782608695652174,no_emotion,0.0,,1,False
30,90,3.9130434782608696,no_emotion,0.0,,1,False
31,93,4.043478260869565,no_emotion,0.0,,1,False
32,96,4.173913043478261,no_emotion,0.0,,1,False
33,99,4.304347826086956,no_emotion,0.0,,1,False
34,102,4.434782608695652,no_emotion,0.0,,1,False
35,105,4.565217391304348,no_emotion,0.0,,1,False
36,108,4.695652173913044,no_emotion,0.0,,1,False
37,111,4.826086956521739,no_emotion,0.0,,1,False
38,114,4.956521739130435,no_emotion,0.0,,1,False
39,117,5.086956521739131,no_emotion,0.0,,1,False
40,120,5.217391304347826,no_emotion,0.0,,1,False
41,123,5.3478260869565215,no_emotion,0.0,,1,False
42,126,5.478260869565218,no_emotion,0.0,,1,False
43,129,5.608695652173913,no_emotion,0.0,,1,False
44,132,5.739130434782608,no_emotion,0.0,,1,False
45,135,5.869565217391305,no_emotion,0.0,,1,False
46,138,6.0,no_emotion,0.0,,1,False
47,141,6.130434782608695,no_emotion,0.0,,1,False
48,144,6.260869565217392,no_emotion,0.0,,1,False
49,147,6.391304347826087,no_emotion,0.67,neutral,2,False
50,150,6.521739130434782,no_emotion,0.69,neutral,2,False
51,153,6.652173913043479,no_emotion,0.77,neutral,2,False
52,156,6.782608695652174,no_emotion,0.72,neutral,2,False
53,159,6.913043478260869,no_emotion,0.9,neutral,2,False
54,162,7.043478260869565,no_emotion,0.83,neutral,2,False
55,165,7.173913043478261,no_emotion,0.74,neutral,2,False
56,168,7.304347826086956,no_emotion,0.66,neutral,2,False
57,171,7.434782608695652,no_emotion,0.73,neutral,2,False
58,174,7.565217391304348,no_emotion,0.8,neutral,2,False
59,177,7.695652173913044,no_emotion,0.73,neutral,2,False
60,180,7.826086956521739,no_emotion,0.67,neutral,2,False
61,183,7.956521739130435,no_emotion,0.72,neutral,2,False
62,186,8.08695652173913,no_emotion,0.7,neutral,2,False
63,189,8.217391304347826,no_emotion,0.89,neutral,2,False
64,192,8.347826086956522,no_emotion,0.87,neutral,2,False
65,195,8.478260869565217,no_emotion,0.86,neutral,2,False
66,198,8.608695652173912,no_emotion,0.72,neutral,2,False
67,201,8.73913043478261,no_emotion,0.94,neutral,2,False
68,204,8.869565217391305,no_emotion,0.85,neutral,2,False
69,207,9.0,no_emotion,0.65,neutral,2,False
70,210,9.130434782608695,no_emotion,0.83,neutral,2,False
71,213,9.26086956521739,no_emotion,0.8,neutral,2,False
72,216,9.391304347826088,no_emotion,0.7,neutral,2,False
73,219,9.521739130434783,no_emotion,0.81,neutral,2,False
74,222,9.652173913043478,no_emotion,0.8,neutral,2,False
75,225,9.782608695652174,no_emotion,0.78,neutral,2,False
76,228,9.91304347826087,no_emotion,0.39,sad,2,False
77,231,10.043478260869565,no_emotion,0.29,neutral,2,False
78,234,10.173913043478262,no_emotion,0.73,sad,2,False
79,237,10.304347826086955,no_emotion,0.0,,2,False
80,240,10.434782608695652,no_emotion,0.61,sad,2,False
81,243,10.565217391304348,no_emotion,0.42,surprise,2,False
82,246,10.695652173913045,no_emotion,0.72,sad,2,False
83,249,10.826086956521738,no_emotion,0.0,,2,False
84,252,10.956521739130435,no_emotion,0.0,,2,False
85,255,11.08695652173913,no_emotion,0.0,,2,False
86,258,11.217391304347826,no_emotion,0.0,,2,False
87,261,11.347826086956522,no_emotion,0.0,,2,False
88,264,11.478260869565217,no_emotion,0.0,,2,False
89,267,11.608695652173912,no_emotion,0.0,,2,False
90,270,11.73913043478261,no_emotion,0.0,,2,False
91,273,11.869565217391305,no_emotion,0.0,,2,False
92,276,12.0,no_emotion,0.35,sad,2,False
93,279,12.130434782608695,no_emotion,0.0,,2,False
94,282,12.26086956521739,no_emotion,0.48,sad,2,False
95,285,12.391304347826088,no_emotion,0.58,neutral,2,False
96,288,12.521739130434783,no_emotion,0.31,neutral,2,False
97,291,12.652173913043478,no_emotion,0.42,happy,2,False
98,294,12.782608695652174,no_emotion,0.61,neutral,2,False
99,297,12.91304347826087,no_emotion,0.73,neutral,2,False
100,300,13.043478260869565,no_emotion,0.58,neutral,2,False
101,303,13.173913043478262,no_emotion,0.72,neutral,2,False
102,306,13.304347826086955,no_emotion,0.59,neutral,2,False
103,309,13.434782608695652,no_emotion,0.32,sad,2,False
104,312,13.565217391304348,no_emotion,0.45,sad,2,False
105,315,13.695652173913045,no_emotion,0.34,angry,2,False
106,318,13.826086956521738,no_emotion,0.35,sad,2,False
107,321,13.956521739130435,no_emotion,0.56,sad,2,False
108,324,14.08695652173913,no_emotion,0.61,sad,2,False
109,327,14.217391304347826,no_emotion,0.49,sad,2,False
110,330,14.347826086956522,no_emotion,0.54,sad,2,False
111,333,14.478260869565217,no_emotion,0.51,sad,2,False
112,336,14.608695652173912,no_emotion,0.58,angry,2,False
113,339,14.73913043478261,no_emotion,0.66,neutral,2,False
114,342,14.869565217391305,no_emotion,0.69,neutral,2,False
115,345,15.0,no_emotion,0.69,neutral,2,False
116,348,15.130434782608695,no_emotion,0.5,angry,2,False
117,351,15.26086956521739,happy,1.0,happy,2,True
118,354,15.391304347826088,happy,1.0,happy,2,False
119,357,15.521739130434783,happy,1.0,happy,2,False
120,360,15.652173913043478,happy,1.0,happy,2,False
121,363,15.782608695652174,happy,1.0,happy,2,False
122,366,15.91304347826087,happy,1.0,happy,2,False
123,369,16.043478260869566,no_emotion,0.84,neutral,3,False
124,372,16.17391304347826,no_emotion,0.84,neutral,3,False
125,375,16.304347826086957,no_emotion,0.9,neutral,3,False
126,378,16.434782608695652,no_emotion,0.79,neutral,3,False
127,381,16.565217391304348,no_emotion,0.55,happy,3,False
128,384,16.695652173913043,no_emotion,0.39,angry,3,False
129,387,16.82608695652174,no_emotion,0.0,,3,False
130,390,16.956521739130434,no_emotion,0.61,sad,3,False
131,393,17.08695652173913,no_emotion,0.76,sad,3,False
132,396,17.217391304347824,no_emotion,0.0,,3,False
133,399,17.347826086956523,no_emotion,0.0,,3,False
134,402,17.47826086956522,no_emotion,0.0,,3,False
135,405,17.608695652173914,no_emotion,0.0,,3,False
136,408,17.73913043478261,no_emotion,0.76,sad,3,False
137,411,17.869565217391305,no_emotion,0.57,sad,3,False
138,414,18.0,no_emotion,0.59,sad,3,False
139,417,18.130434782608692,no_emotion,0.43,neutral,3,False
140,420,18.26086956521739,no_emotion,0.68,sad,3,False
141,423,18.39130434782609,no_emotion,0.63,sad,3,False
142,426,18.52173913043478,no_emotion,0.69,sad,3,False
143,429,18.65217391304348,no_emotion,0.66,sad,3,False
144,432,18.782608695652176,no_emotion,0.63,sad,3,False
145,435,18.91304347826087,no_emotion,0.68,sad,3,False
146,438,19.043478260869566,no_emotion,0.0,,3,False
147,441,19.17391304347826,no_emotion,0.71,sad,3,False
148,444,19.30434782608696,no_emotion,0.72,sad,3,False
149,447,19.43478260869565,no_emotion,0.74,sad,3,False
150,450,19.565217391304348,no_emotion,0.31,sad,3,False
151,453,19.695652173913043,no_emotion,0.29,sad,3,False
152,456,19.82608695652174,no_emotion,0.0,,3,False
153,459,19.956521739130437,no_emotion,0.0,,3,False
154,462,20.08695652173913,no_emotion,0.0,,3,False
155,465,20.217391304347824,no_emotion,0.0,,3,False
156,468,20.347826086956523,no_emotion,0.0,,3,False
157,471,20.47826086956522,no_emotion,0.0,,3,False
158,474,20.608695652173918,no_emotion,0.0,,3,False
159,477,20.73913043478261,no_emotion,0.0,,3,False
160,480,20.869565217391305,no_emotion,0.0,,3,False
161,483,21.0,no_emotion,0.64,sad,3,False
162,486,21.130434782608692,no_emotion,0.64,sad,3,False
163,489,21.26086956521739,no_emotion,0.62,sad,3,False
164,492,21.39130434782609,no_emotion,0.65,sad,3,False
165,495,21.52173913043478,no_emotion,0.72,sad,3,False
166,498,21.65217391304348,no_emotion,0.0,,3,False
167,501,21.782608695652176,no_emotion,0.72,sad,3,False
168,504,21.91304347826087,no_emotion,0.0,,3,False
169,507,22.043478260869566,no_emotion,0.0,,3,False
170,510,22.17391304347826,no_emotion,0.0,,3,False
171,513,22.30434782608696,no_emotion,0.0,,3,False
172,516,22.43478260869565,no_emotion,0.0,,3,False
173,519,22.565217391304348,no_emotion,0.0,,3,False
174,522,22.695652173913043,no_emotion,0.0,,3,False
175,525,22.82608695652174,no_emotion,0.0,,3,False
176,528,22.956521739130437,no_emotion,0.0,,3,False
177,531,23.08695652173913,no_emotion,0.66,neutral,3,False
178,534,23.217391304347824,no_emotion,0.79,neutral,3,False
179,537,23.347826086956523,no_emotion,0.82,neutral,3,False
180,540,23.47826086956522,no_emotion,0.88,neutral,3,False
181,543,23.608695652173918,no_emotion,0.29,neutral,3,False
182,546,23.73913043478261,no_emotion,0.54,neutral,3,False
183,549,23.869565217391305,no_emotion,0.76,neutral,3,False
184,552,24.0,no_emotion,0.61,neutral,3,False
185,555,24.130434782608692,no_emotion,0.88,neutral,3,False
186,558,24.26086956521739,no_emotion,0.86,neutral,3,False
187,561,24.39130434782609,no_emotion,0.94,neutral,3,False
188,564,24.52173913043478,no_emotion,0.95,neutral,3,False
189,567,24.65217391304348,no_emotion,0.84,neutral,3,False
190,570,24.782608695652176,no_emotion,0.92,neutral,3,False
191,573,24.91304347826087,no_emotion,0.92,neutral,3,False
192,576,25.043478260869566,no_emotion,0.94,neutral,3,False
193,579,25.17391304347826,no_emotion,0.87,neutral,3,False
194,582,25.30434782608696,no_emotion,0.85,neutral,3,False
195,585,25.43478260869565,no_emotion,0.73,neutral,3,False
196,588,25.565217391304348,no_emotion,0.7,neutral,3,False
197,591,25.695652173913043,no_emotion,0.49,sad,3,False
198,594,25.82608695652174,no_emotion,0.54,sad,3,False
199,597,25.956521739130437,no_emotion,0.74,neutral,3,False
200,600,26.08695652173913,no_emotion,0.62,neutral,3,False
201,603,26.217391304347824,no_emotion,0.61,neutral,3,False
202,606,26.347826086956523,no_emotion,0.51,sad,3,False
203,609,26.47826086956522,no_emotion,0.57,neutral,3,False
204,612,26.608695652173918,no_emotion,0.78,neutral,3,False
205,615,26.73913043478261,no_emotion,0.57,neutral,3,False
206,618,26.869565217391305,no_emotion,0.78,neutral,3,False
207,621,27.0,no_emotion,0.56,neutral,3,False
208,624,27.130434782608692,no_emotion,0.77,neutral,3,False
209,627,27.26086956521739,no_emotion,0.49,sad,3,False
210,630,27.39130434782609,no_emotion,0.48,neutral,3,False
211,633,27.52173913043478,no_emotion,0.68,sad,3,False
212,636,27.65217391304348,no_emotion,0.41,neutral,3,False
213,639,27.782608695652176,no_emotion,0.38,sad,3,False
214,642,27.91304347826087,no_emotion,0.46,neutral,3,False
215,645,28.043478260869566,no_emotion,0.28,sad,3,False
216,648,28.17391304347826,no_emotion,0.29,neutral,3,False
217,651,28.30434782608696,no_emotion,0.61,sad,3,False
218,654,28.43478260869565,no_emotion,0.45,sad,3,False
219,657,28.565217391304348,no_emotion,0.48,sad,4,False
220,660,28.695652173913043,no_emotion,0.39,sad,4,False
221,663,28.82608695652174,no_emotion,0.36,neutral,4,False
222,666,28.956521739130437,no_emotion,0.46,neutral,4,False
223,669,29.08695652173913,no_emotion,0.47,neutral,4,False
224,672,29.217391304347824,no_emotion,0.72,neutral,4,False
225,675,29.347826086956523,no_emotion,0.7,neutral,4,False
226,678,29.47826086956522,no_emotion,0.82,neutral,4,False
227,681,29.608695652173918,no_emotion,0.81,neutral,4,False
228,684,29.73913043478261,no_emotion,0.71,neutral,4,False
229,687,29.869565217391305,no_emotion,0.66,neutral,4,False
230,690,30.0,no_emotion,0.64,neutral,4,False
231,693,30.130434782608692,no_emotion,0.8,neutral,4,False
232,696,30.26086956521739,no_emotion,0.82,neutral,4,False
233,699,30.39130434782609,no_emotion,0.63,neutral,4,False
234,702,30.52173913043478,no_emotion,0.71,neutral,4,False
235,705,30.65217391304348,no_emotion,0.54,neutral,4,False
236,708,30.782608695652176,no_emotion,0.73,neutral,5,False
237,711,30.91304347826087,no_emotion,0.47,neutral,5,False
238,714,31.043478260869566,no_emotion,0.47,sad,5,False
239,717,31.17391304347826,no_emotion,0.48,neutral,5,False
240,720,31.30434782608696,no_emotion,0.49,neutral,5,False
241,723,31.43478260869565,no_emotion,0.6,neutral,5,False
242,726,31.565217391304348,no_emotion,0.5,sad,5,False
243,729,31.695652173913043,no_emotion,0.6,neutral,5,False
244,732,31.82608695652174,no_emotion,0.69,neutral,5,False
245,735,31.956521739130437,no_emotion,0.54,sad,5,False
246,738,32.08695652173913,no_emotion,0.0,,5,False
247,741,32.21739130434783,no_emotion,0.45,sad,5,False
248,744,32.34782608695652,no_emotion,0.51,sad,5,False
249,747,32.47826086956522,no_emotion,0.46,neutral,5,False
250,750,32.608695652173914,no_emotion,0.49,sad,5,False
251,753,32.73913043478261,no_emotion,0.82,neutral,5,False
252,756,32.869565217391305,no_emotion,0.91,neutral,5,False
253,759,33.0,no_emotion,0.87,neutral,5,False
254,762,33.130434782608695,no_emotion,0.79,neutral,5,False
255,765,33.26086956521739,no_emotion,0.89,neutral,5,False
256,768,33.391304347826086,no_emotion,0.68,neutral,5,False
257,771,33.52173913043478,no_emotion,0.58,neutral,5,False
258,774,33.65217391304348,no_emotion,0.6,neutral,5,False
259,777,33.78260869565217,no_emotion,0.49,neutral,5,False
260,780,33.91304347826087,no_emotion,0.48,neutral,5,False
261,783,34.04347826086956,no_emotion,0.55,sad,5,False
262,786,34.17391304347826,no_emotion,0.47,angry,5,False
263,789,34.30434782608695,no_emotion,0.41,angry,5,False
264,792,34.43478260869565,no_emotion,0.31,happy,6,False
265,795,34.56521739130435,no_emotion,0.0,,6,False
266,798,34.69565217391305,no_emotion,0.0,,6,False
267,801,34.82608695652174,no_emotion,0.0,,6,False
268,804,34.95652173913044,no_emotion,0.0,,6,False
269,807,35.08695652173913,no_emotion,0.0,,6,False
270,810,35.21739130434783,no_emotion,0.0,,6,False
271,813,35.34782608695652,no_emotion,0.0,,6,False
272,816,35.47826086956522,no_emotion,0.0,,6,False
273,819,35.608695652173914,no_emotion,0.0,,6,False
274,822,35.73913043478261,no_emotion,0.0,,6,False
275,825,35.869565217391305,no_emotion,0.0,,6,False
276,828,36.0,no_emotion,0.0,,6,False
277,831,36.130434782608695,no_emotion,0.0,,6,False
278,834,36.26086956521739,no_emotion,0.0,,6,False
279,837,36.391304347826086,no_emotion,0.0,,6,False
280,840,36.52173913043478,no_emotion,0.0,,6,False
281,843,36.65217391304348,no_emotion,0.0,,6,False
282,846,36.78260869565217,no_emotion,0.0,,6,False
283,849,36.91304347826087,no_emotion,0.0,,6,False
284,852,37.04347826086956,no_emotion,0.0,,6,False
285,855,37.17391304347826,no_emotion,0.0,,6,False
286,858,37.30434782608695,no_emotion,0.0,,6,False
287,861,37.43478260869565,no_emotion,0.0,,6,False
288,864,37.56521739130435,no_emotion,0.0,,6,False
289,867,37.69565217391305,no_emotion,0.0,,6,False
290,870,37.82608695652174,no_emotion,0.0,,6,False
291,873,37.95652173913044,no_emotion,0.0,,6,False
292,876,38.08695652173913,no_emotion,0.0,,6,False
293,879,38.21739130434783,no_emotion,0.0,,6,False
294,882,38.34782608695652,no_emotion,0.0,,6,False
295,885,38.47826086956522,no_emotion,0.0,,6,False
296,888,38.60869565217392,no_emotion,0.0,,6,False
297,891,38.73913043478261,no_emotion,0.0,,6,False
298,894,38.869565217391305,no_emotion,0.0,,7,False
299,897,39.0,no_emotion,0.3,sad,7,False
300,900,39.130434782608695,no_emotion,0.53,neutral,7,False
301,903,39.26086956521739,no_emotion,0.54,neutral,7,False
302,906,39.391304347826086,no_emotion,0.66,neutral,7,False
303,909,39.52173913043478,no_emotion,0.73,neutral,7,False
304,912,39.65217391304348,no_emotion,0.7,neutral,7,False
305,915,39.78260869565217,no_emotion,0.84,neutral,7,False
306,918,39.91304347826087,no_emotion,0.77,neutral,7,False
307,921,40.04347826086956,no_emotion,0.74,neutral,7,False
308,924,40.17391304347826,no_emotion,0.85,neutral,7,False
309,927,40.30434782608695,no_emotion,0.74,neutral,7,False
310,930,40.43478260869565,no_emotion,0.83,neutral,7,False
311,933,40.56521739130435,no_emotion,0.86,neutral,7,False
312,936,40.69565217391305,no_emotion,0.63,neutral,7,False
313,939,40.82608695652174,no_emotion,0.83,neutral,7,False
314,942,40.95652173913044,no_emotion,0.88,neutral,7,False
315,945,41.08695652173913,no_emotion,0.86,neutral,7,False
316,948,41.21739130434783,no_emotion,0.83,neutral,7,False
317,951,41.34782608695652,no_emotion,0.89,neutral,7,False
318,954,41.47826086956522,no_emotion,0.83,neutral,7,False
319,957,41.60869565217392,no_emotion,0.88,neutral,7,False
320,960,41.73913043478261,no_emotion,0.86,neutral,7,False
321,963,41.869565217391305,no_emotion,0.84,neutral,7,False
322,966,42.0,no_emotion,0.86,neutral,7,False
323,969,42.130434782608695,no_emotion,0.78,neutral,7,False
324,972,42.26086956521739,no_emotion,0.79,neutral,7,False
325,975,42.391304347826086,no_emotion,0.85,neutral,7,False
326,978,42.52173913043478,no_emotion,0.82,neutral,7,False
327,981,42.65217391304348,no_emotion,0.9,neutral,7,False
328,984,42.78260869565217,no_emotion,0.89,neutral,7,False
329,987,42.91304347826087,no_emotion,0.92,neutral,7,False
330,990,43.04347826086956,no_emotion,0.94,neutral,7,False
331,993,43.17391304347826,no_emotion,0.92,neutral,7,False
332,996,43.30434782608695,no_emotion,0.91,neutral,7,False
333,999,43.43478260869565,no_emotion,0.93,neutral,7,False
334,1002,43.56521739130435,no_emotion,0.95,neutral,7,False
335,1005,43.69565217391305,no_emotion,0.88,neutral,7,False
336,1008,43.82608695652174,no_emotion,0.94,neutral,7,False
337,1011,43.95652173913044,no_emotion,0.78,neutral,7,False
338,1014,44.08695652173913,no_emotion,0.81,neutral,7,False
339,1017,44.21739130434783,no_emotion,0.89,neutral,7,False
340,1020,44.34782608695652,no_emotion,0.89,neutral,7,False
341,1023,44.47826086956522,no_emotion,0.9,neutral,7,False
342,1026,44.60869565217392,no_emotion,0.92,neutral,7,False
343,1029,44.73913043478261,no_emotion,0.93,neutral,7,False
344,1032,44.869565217391305,no_emotion,0.93,neutral,7,False
345,1035,45.0,no_emotion,0.93,neutral,7,False
346,1038,45.130434782608695,no_emotion,0.95,neutral,7,False
347,1041,45.26086956521739,no_emotion,0.92,neutral,7,False
348,1044,45.391304347826086,neutral,0.96,neutral,7,True
349,1047,45.52173913043478,no_emotion,0.92,neutral,7,False
350,1050,45.65217391304348,no_emotion,0.95,neutral,7,False
351,1053,45.78260869565217,no_emotion,0.95,neutral,7,False
352,1056,45.91304347826087,no_emotion,0.94,neutral,7,False
353,1059,46.04347826086956,no_emotion,0.95,neutral,7,False
354,1062,46.17391304347826,no_emotion,0.92,neutral,7,False
355,1065,46.30434782608695,no_emotion,0.88,neutral,7,False
356,1068,46.43478260869565,no_emotion,0.92,neutral,7,False
357,1071,46.56521739130435,no_emotion,0.9,neutral,7,False
358,1074,46.69565217391305,no_emotion,0.9,neutral,7,False
359,1077,46.82608695652174,no_emotion,0.86,neutral,7,False
360,1080,46.95652173913044,no_emotion,0.51,neutral,7,False
361,1083,47.08695652173913,no_emotion,0.71,neutral,7,False
362,1086,47.21739130434783,no_emotion,0.57,neutral,7,False
363,1089,47.34782608695652,no_emotion,0.48,neutral,7,False
364,1092,47.47826086956522,no_emotion,0.65,neutral,8,False
365,1095,47.60869565217392,no_emotion,0.6,neutral,8,False
366,1098,47.73913043478261,no_emotion,0.61,neutral,8,False
367,1101,47.869565217391305,no_emotion,0.49,neutral,8,False
368,1104,48.0,no_emotion,0.37,neutral,8,False
369,1107,48.130434782608695,no_emotion,0.41,sad,8,False
370,1110,48.26086956521739,no_emotion,0.43,neutral,8,False
371,1113,48.391304347826086,no_emotion,0.45,neutral,8,False
372,1116,48.52173913043478,no_emotion,0.43,neutral,8,False
373,1119,48.65217391304348,no_emotion,0.51,neutral,8,False
374,1122,48.78260869565217,no_emotion,0.79,neutral,8,False
375,1125,48.91304347826087,no_emotion,0.79,neutral,8,False
376,1128,49.04347826086956,no_emotion,0.65,neutral,8,False
377,1131,49.17391304347826,no_emotion,0.59,neutral,8,False
378,1134,49.30434782608695,no_emotion,0.73,neutral,8,False
379,1137,49.43478260869565,no_emotion,0.6,neutral,8,False
380,1140,49.56521739130435,no_emotion,0.54,neutral,8,False
381,1143,49.69565217391305,no_emotion,0.39,neutral,8,False
382,1146,49.82608695652174,no_emotion,0.44,sad,8,False
383,1149,49.95652173913044,no_emotion,0.53,sad,8,False
384,1152,50.08695652173913,no_emotion,0.42,sad,8,False
385,1155,50.21739130434783,no_emotion,0.48,sad,8,False
386,1158,50.34782608695652,no_emotion,0.41,angry,8,False
387,1161,50.47826086956522,no_emotion,0.41,sad,8,False
388,1164,50.60869565217392,no_emotion,0.84,neutral,9,False
389,1167,50.73913043478261,no_emotion,0.91,neutral,9,False
390,1170,50.869565217391305,no_emotion,0.84,neutral,9,False
391,1173,51.0,no_emotion,0.49,sad,9,False
392,1176,51.130434782608695,no_emotion,0.55,neutral,9,False
393,1179,51.26086956521739,no_emotion,0.46,neutral,9,False
394,1182,51.391304347826086,no_emotion,0.57,neutral,9,False
395,1185,51.52173913043478,no_emotion,0.51,neutral,9,False
396,1188,51.65217391304348,no_emotion,0.5,neutral,9,False
397,1191,51.78260869565217,no_emotion,0.53,neutral,9,False
398,1194,51.91304347826087,no_emotion,0.48,sad,9,False
399,1197,52.04347826086956,no_emotion,0.5,neutral,9,False
400,1200,52.17391304347826,no_emotion,0.54,neutral,9,False
401,1203,52.30434782608695,no_emotion,0.5,neutral,9,False
402,1206,52.43478260869565,no_emotion,0.59,neutral,9,False
403,1209,52.56521739130435,no_emotion,0.51,sad,9,False
404,1212,52.69565217391305,no_emotion,0.63,neutral,9,False
405,1215,52.82608695652174,no_emotion,0.59,neutral,9,False
406,1218,52.95652173913044,no_emotion,0.62,neutral,9,False
407,1221,53.08695652173913,no_emotion,0.55,neutral,9,False
408,1224,53.21739130434783,no_emotion,0.58,neutral,9,False
409,1227,53.34782608695652,no_emotion,0.66,neutral,9,False
410,1230,53.47826086956522,no_emotion,0.66,neutral,9,False
411,1233,53.60869565217392,no_emotion,0.64,neutral,9,False
412,1236,53.73913043478261,no_emotion,0.54,neutral,9,False
413,1239,53.869565217391305,no_emotion,0.56,neutral,9,False
414,1242,54.0,no_emotion,0.55,sad,9,False
415,1245,54.130434782608695,no_emotion,0.59,neutral,9,False
416,1248,54.26086956521739,no_emotion,0.59,neutral,9,False
417,1251,54.391304347826086,no_emotion,0.64,neutral,9,False
418,1254,54.52173913043478,no_emotion,0.71,neutral,9,False
419,1257,54.65217391304348,no_emotion,0.46,neutral,9,False
420,1260,54.78260869565217,no_emotion,0.66,neutral,9,False
421,1263,54.91304347826087,no_emotion,0.76,neutral,9,False
422,1266,55.04347826086956,no_emotion,0.64,neutral,9,False
423,1269,55.17391304347826,no_emotion,0.75,neutral,9,False
424,1272,55.30434782608695,no_emotion,0.7,neutral,9,False
425,1275,55.43478260869565,no_emotion,0.51,neutral,9,False
426,1278,55.56521739130435,no_emotion,0.72,neutral,9,False
427,1281,55.69565217391305,no_emotion,0.69,neutral,9,False
428,1284,55.82608695652174,no_emotion,0.79,neutral,9,False
429,1287,55.95652173913044,no_emotion,0.63,neutral,9,False
430,1290,56.08695652173913,no_emotion,0.83,neutral,10,False
431,1293,56.21739130434783,no_emotion,0.84,neutral,10,False
432,1296,56.34782608695652,no_emotion,0.77,neutral,10,False
433,1299,56.47826086956522,no_emotion,0.85,neutral,10,False
434,1302,56.60869565217392,no_emotion,0.85,neutral,10,False
435,1305,56.73913043478261,no_emotion,0.77,neutral,10,False
436,1308,56.869565217391305,no_emotion,0.81,neutral,10,False
437,1311,57.0,no_emotion,0.77,neutral,10,False
438,1314,57.130434782608695,no_emotion,0.7,neutral,10,False
439,1317,57.26086956521739,no_emotion,0.64,neutral,10,False
440,1320,57.391304347826086,no_emotion,0.52,neutral,10,False
441,1323,57.52173913043478,no_emotion,0.61,neutral,10,False
442,1326,57.65217391304348,no_emotion,0.44,sad,10,False
443,1329,57.78260869565217,no_emotion,0.45,sad,10,False
444,1332,57.91304347826087,no_emotion,0.51,sad,10,False
445,1335,58.04347826086956,no_emotion,0.5,sad,10,False
446,1338,58.17391304347826,no_emotion,0.51,neutral,10,False
447,1341,58.30434782608695,no_emotion,0.46,neutral,10,False
448,1344,58.43478260869565,no_emotion,0.55,neutral,10,False
449,1347,58.56521739130435,no_emotion,0.64,neutral,10,False
450,1350,58.69565217391305,no_emotion,0.64,neutral,10,False
451,1353,58.82608695652174,no_emotion,0.59,neutral,10,False
452,1356,58.95652173913044,no_emotion,0.56,neutral,10,False
453,1359,59.08695652173913,no_emotion,0.0,,11,False
454,1362,59.21739130434783,no_emotion,0.33,neutral,11,False
455,1365,59.34782608695652,no_emotion,0.0,,11,False
456,1368,59.47826086956522,no_emotion,0.0,,11,False
457,1371,59.60869565217392,no_emotion,0.0,,11,False
458,1374,59.73913043478261,no_emotion,0.0,,11,False
459,1377,59.869565217391305,no_emotion,0.28,happy,11,False
460,1380,60.0,no_emotion,0.0,,11,False
461,1383,60.130434782608695,no_emotion,0.0,,11,False
462,1386,60.26086956521739,no_emotion,0.0,,11,False
463,1389,60.391304347826086,no_emotion,0.0,,11,False
464,1392,60.52173913043478,no_emotion,0.0,,11,False
465,1395,60.65217391304348,no_emotion,0.0,,11,False
466,1398,60.78260869565217,no_emotion,0.0,,11,False
467,1401,60.91304347826087,no_emotion,0.0,,11,False
468,1404,61.04347826086956,no_emotion,0.0,,11,False
469,1407,61.17391304347826,no_emotion,0.0,,11,False
470,1410,61.30434782608695,no_emotion,0.0,,11,False
471,1413,61.43478260869565,no_emotion,0.0,,11,False
472,1416,61.56521739130435,no_emotion,0.0,,11,False
473,1419,61.69565217391305,no_emotion,0.0,,11,False
474,1422,61.82608695652174,no_emotion,0.0,,11,False
475,1425,61.95652173913044,no_emotion,0.0,,11,False
476,1428,62.08695652173913,no_emotion,0.0,,11,False
477,1431,62.21739130434783,no_emotion,0.4,sad,12,False
478,1434,62.34782608695652,no_emotion,0.58,sad,12,False
479,1437,62.47826086956522,no_emotion,0.64,sad,12,False
480,1440,62.60869565217392,no_emotion,0.55,sad,12,False
481,1443,62.73913043478261,no_emotion,0.53,sad,12,False
482,1446,62.869565217391305,no_emotion,0.52,sad,12,False
483,1449,63.0,no_emotion,0.49,sad,12,False
484,1452,63.130434782608695,no_emotion,0.47,sad,12,False
485,1455,63.26086956521739,no_emotion,0.45,sad,12,False
486,1458,63.391304347826086,no_emotion,0.55,neutral,12,False
487,1461,63.52173913043478,no_emotion,0.62,neutral,12,False
488,1464,63.65217391304348,no_emotion,0.66,neutral,12,False
489,1467,63.78260869565217,no_emotion,0.4,neutral,12,False
490,1470,63.91304347826087,no_emotion,0.34,neutral,12,False
491,1473,64.04347826086956,no_emotion,0.39,neutral,12,False
492,1476,64.17391304347827,no_emotion,0.35,angry,12,False
493,1479,64.30434782608695,no_emotion,0.34,angry,12,False
494,1482,64.43478260869566,no_emotion,0.39,neutral,12,False
495,1485,64.56521739130434,no_emotion,0.46,neutral,12,False
496,1488,64.69565217391305,no_emotion,0.44,neutral,12,False
497,1491,64.82608695652173,no_emotion,0.47,neutral,12,False
498,1494,64.95652173913044,no_emotion,0.57,neutral,12,False
499,1497,65.08695652173913,no_emotion,0.57,neutral,12,False
500,1500,65.21739130434783,no_emotion,0.67,neutral,12,False
501,1503,65.34782608695652,no_emotion,0.71,neutral,12,False
502,1506,65.47826086956522,no_emotion,0.58,neutral,12,False
503,1509,65.6086956521739,no_emotion,0.39,sad,12,False
504,1512,65.73913043478261,no_emotion,0.68,sad,12,False
505,1515,65.8695652173913,no_emotion,0.44,sad,12,False
506,1518,66.0,no_emotion,0.61,sad,12,False
507,1521,66.1304347826087,no_emotion,0.46,happy,12,False
508,1524,66.26086956521739,no_emotion,0.47,happy,12,False
509,1527,66.3913043478261,no_emotion,0.43,neutral,12,False
510,1530,66.52173913043478,no_emotion,0.48,sad,12,False
511,1533,66.65217391304348,no_emotion,0.67,sad,12,False
512,1536,66.78260869565217,no_emotion,0.66,sad,12,False
513,1539,66.91304347826087,no_emotion,0.65,sad,12,False
514,1542,67.04347826086956,no_emotion,0.68,sad,12,False
515,1545,67.17391304347827,no_emotion,0.67,sad,12,False
516,1548,67.30434782608695,no_emotion,0.63,sad,12,False
517,1551,67.43478260869566,no_emotion,0.65,sad,12,False
518,1554,67.56521739130434,no_emotion,0.45,sad,12,False
519,1557,67.69565217391305,no_emotion,0.53,sad,12,False
520,1560,67.82608695652173,no_emotion,0.31,sad,12,False
521,1563,67.95652173913044,no_emotion,0.43,neutral,12,False
522,1566,68.08695652173913,no_emotion,0.39,angry,12,False
523,1569,68.21739130434783,no_emotion,0.91,neutral,13,False
524,1572,68.34782608695652,no_emotion,0.89,neutral,13,False
525,1575,68.47826086956522,no_emotion,0.9,neutral,13,False
526,1578,68.6086956521739,no_emotion,0.93,neutral,13,False
527,1581,68.73913043478261,no_emotion,0.93,neutral,13,False
528,1584,68.8695652173913,no_emotion,0.91,neutral,13,False
529,1587,69.0,no_emotion,0.92,neutral,13,False
530,1590,69.1304347826087,no_emotion,0.94,neutral,13,False
531,1593,69.26086956521739,no_emotion,0.92,neutral,13,False
532,1596,69.3913043478261,no_emotion,0.93,neutral,13,False
533,1599,69.52173913043478,no_emotion,0.89,neutral,13,False
534,1602,69.65217391304348,no_emotion,0.95,neutral,13,False
535,1605,69.78260869565217,neutral,0.97,neutral,13,True
536,1608,69.91304347826087,neutral,0.98,neutral,13,False
537,1611,70.04347826086956,neutral,0.97,neutral,13,False
538,1614,70.17391304347827,neutral,0.98,neutral,13,False
539,1617,70.30434782608695,no_emotion,0.94,neutral,13,False
540,1620,70.43478260869566,no_emotion,0.94,neutral,13,False
541,1623,70.56521739130434,no_emotion,0.85,neutral,13,False
542,1626,70.69565217391305,no_emotion,0.85,neutral,13,False
543,1629,70.82608695652173,no_emotion,0.54,neutral,13,False
544,1632,70.95652173913044,no_emotion,0.52,angry,13,False
545,1635,71.08695652173913,no_emotion,0.33,angry,13,False
546,1638,71.21739130434783,no_emotion,0.36,sad,13,False
547,1641,71.34782608695652,no_emotion,0.4,angry,13,False
548,1644,71.47826086956522,no_emotion,0.48,angry,13,False
549,1647,71.6086956521739,no_emotion,0.43,angry,13,False
550,1650,71.73913043478261,no_emotion,0.39,sad,13,False
551,1653,71.8695652173913,no_emotion,0.45,sad,13,False
552,1656,72.0,no_emotion,0.44,sad,13,False
553,1659,72.1304347826087,no_emotion,0.46,sad,13,False
554,1662,72.26086956521739,no_emotion,0.35,sad,13,False
555,1665,72.3913043478261,no_emotion,0.36,neutral,13,False
556,1668,72.52173913043478,no_emotion,0.43,angry,13,False
557,1671,72.65217391304348,no_emotion,0.4,sad,13,False
558,1674,72.78260869565217,no_emotion,0.47,angry,13,False
559,1677,72.91304347826087,no_emotion,0.38,angry,13,False
560,1680,73.04347826086956,no_emotion,0.68,neutral,13,False
561,1683,73.17391304347827,no_emotion,0.53,neutral,13,False
562,1686,73.30434782608695,no_emotion,0.41,happy,13,False
563,1689,73.43478260869566,no_emotion,0.45,sad,14,False
564,1692,73.56521739130434,no_emotion,0.37,sad,14,False
565,1695,73.69565217391305,no_emotion,0.42,sad,14,False
566,1698,73.82608695652173,no_emotion,0.55,sad,14,False
567,1701,73.95652173913044,no_emotion,0.66,sad,14,False
568,1704,74.08695652173913,no_emotion,0.54,sad,14,False
569,1707,74.21739130434783,no_emotion,0.6,sad,14,False
570,1710,74.34782608695652,no_emotion,0.58,sad,14,False
571,1713,74.47826086956522,no_emotion,0.57,sad,14,False
572,1716,74.6086956521739,no_emotion,0.57,sad,14,False
573,1719,74.73913043478261,no_emotion,0.52,sad,14,False
574,1722,74.8695652173913,no_emotion,0.46,sad,14,False
575,1725,75.0,no_emotion,0.42,sad,14,False
576,1728,75.1304347826087,no_emotion,0.41,sad,14,False
577,1731,75.26086956521739,no_emotion,0.5,angry,14,False
578,1734,75.3913043478261,no_emotion,0.44,angry,14,False
579,1737,75.52173913043478,no_emotion,0.5,angry,14,False
580,1740,75.65217391304348,no_emotion,0.4,sad,14,False
581,1743,75.78260869565217,no_emotion,0.38,sad,14,False
582,1746,75.91304347826087,no_emotion,0.37,sad,14,False
583,1749,76.04347826086956,no_emotion,0.48,sad,14,False
584,1752,76.17391304347827,no_emotion,0.51,sad,14,False
585,1755,76.30434782608695,no_emotion,0.54,sad,14,False
586,1758,76.43478260869566,no_emotion,0.41,angry,14,False
587,1761,76.56521739130434,no_emotion,0.52,sad,14,False
588,1764,76.69565217391305,no_emotion,0.4,angry,14,False
589,1767,76.82608695652173,no_emotion,0.41,sad,14,False
590,1770,76.95652173913044,no_emotion,0.4,sad,15,False
591,1773,77.08695652173913,no_emotion,0.0,,15,False
592,1776,77.21739130434783,no_emotion,0.0,,15,False
593,1779,77.34782608695652,no_emotion,0.0,,15,False
594,1782,77.47826086956522,no_emotion,0.0,,15,False
595,1785,77.6086956521739,no_emotion,0.0,,15,False
596,1788,77.73913043478261,no_emotion,0.0,,15,False
597,1791,77.8695652173913,no_emotion,0.0,,15,False
598,1794,78.0,no_emotion,0.0,,16,False
599,1797,78.1304347826087,no_emotion,0.0,,16,False
600,1800,78.26086956521739,no_emotion,0.0,,16,False
601,1803,78.3913043478261,no_emotion,0.0,,16,False
602,1806,78.52173913043478,no_emotion,0.0,,16,False
603,1809,78.65217391304348,no_emotion,0.0,,16,False
604,1812,78.78260869565217,no_emotion,0.0,,16,False
605,1815,78.91304347826087,no_emotion,0.0,,16,False
606,1818,79.04347826086956,no_emotion,0.0,,16,False
607,1821,79.17391304347827,no_emotion,0.0,,16,False
608,1824,79.30434782608695,no_emotion,0.0,,16,False
609,1827,79.43478260869566,no_emotion,0.0,,16,False
610,1830,79.56521739130434,no_emotion,0.0,,16,False
611,1833,79.69565217391305,no_emotion,0.0,,16,False
612,1836,79.82608695652173,no_emotion,0.49,sad,17,False
613,1839,79.95652173913044,no_emotion,0.49,sad,17,False
614,1842,80.08695652173913,no_emotion,0.58,sad,17,False
615,1845,80.21739130434783,no_emotion,0.64,sad,17,False
616,1848,80.34782608695652,no_emotion,0.51,sad,17,False
617,1851,80.47826086956522,no_emotion,0.51,sad,17,False
618,1854,80.6086956521739,no_emotion,0.53,sad,17,False
619,1857,80.73913043478261,no_emotion,0.57,sad,17,False
620,1860,80.8695652173913,no_emotion,0.56,sad,17,False
621,1863,81.0,no_emotion,0.47,sad,17,False
622,1866,81.1304347826087,no_emotion,0.47,sad,17,False
623,1869,81.26086956521739,no_emotion,0.38,sad,17,False
624,1872,81.3913043478261,no_emotion,0.4,sad,17,False
625,1875,81.52173913043478,no_emotion,0.52,sad,17,False
626,1878,81.65217391304348,no_emotion,0.52,sad,17,False
627,1881,81.78260869565217,no_emotion,0.55,sad,17,False
628,1884,81.91304347826087,no_emotion,0.5,sad,17,False
629,1887,82.04347826086956,no_emotion,0.55,sad,17,False
630,1890,82.17391304347827,no_emotion,0.61,sad,17,False
631,1893,82.30434782608695,no_emotion,0.51,sad,17,False
632,1896,82.43478260869566,no_emotion,0.59,sad,17,False
633,1899,82.56521739130434,no_emotion,0.58,sad,17,False
634,1902,82.69565217391305,no_emotion,0.69,sad,17,False
635,1905,82.82608695652173,no_emotion,0.69,sad,17,False
636,1908,82.95652173913044,no_emotion,0.65,sad,17,False
637,1911,83.08695652173913,no_emotion,0.65,sad,17,False
638,1914,83.21739130434783,no_emotion,0.69,sad,17,False
639,1917,83.34782608695652,no_emotion,0.68,sad,17,False
640,1920,83.47826086956522,no_emotion,0.67,sad,17,False
641,1923,83.6086956521739,no_emotion,0.68,sad,17,False
642,1926,83.73913043478261,no_emotion,0.73,sad,17,False
643,1929,83.8695652173913,no_emotion,0.72,sad,17,False
644,1932,84.0,no_emotion,0.59,sad,17,False
645,1935,84.1304347826087,no_emotion,0.54,sad,17,False
646,1938,84.26086956521739,no_emotion,0.56,sad,17,False
647,1941,84.3913043478261,no_emotion,0.5,sad,17,False
648,1944,84.52173913043478,no_emotion,0.46,sad,17,False
649,1947,84.65217391304348,no_emotion,0.51,sad,17,False
650,1950,84.78260869565217,no_emotion,0.48,sad,17,False
651,1953,84.91304347826087,no_emotion,0.45,sad,17,False
652,1956,85.04347826086956,no_emotion,0.49,sad,17,False
653,1959,85.17391304347827,no_emotion,0.46,sad,17,False
654,1962,85.30434782608695,no_emotion,0.42,sad,17,False
655,1965,85.43478260869566,no_emotion,0.49,sad,17,False
656,1968,85.56521739130434,no_emotion,0.46,sad,17,False
657,1971,85.69565217391305,no_emotion,0.47,neutral,17,False
658,1974,85.82608695652173,no_emotion,0.4,sad,17,False
659,1977,85.95652173913044,no_emotion,0.41,sad,18,False
660,1980,86.08695652173913,no_emotion,0.5,sad,18,False
661,1983,86.21739130434783,no_emotion,0.46,sad,18,False
662,1986,86.34782608695652,no_emotion,0.51,sad,18,False
663,1989,86.47826086956522,no_emotion,0.51,sad,18,False
664,1992,86.6086956521739,no_emotion,0.53,sad,18,False
665,1995,86.73913043478261,no_emotion,0.55,sad,18,False
666,1998,86.8695652173913,no_emotion,0.58,sad,18,False
667,2001,87.0,no_emotion,0.62,sad,18,False
668,2004,87.1304347826087,no_emotion,0.68,sad,18,False
669,2007,87.26086956521739,no_emotion,0.61,sad,18,False
670,2010,87.3913043478261,no_emotion,0.62,sad,18,False
671,2013,87.52173913043478,no_emotion,0.57,sad,18,False
672,2016,87.65217391304348,no_emotion,0.55,sad,18,False
673,2019,87.78260869565217,no_emotion,0.53,sad,18,False
674,2022,87.91304347826087,no_emotion,0.57,sad,18,False
675,2025,88.04347826086956,no_emotion,0.57,sad,18,False
676,2028,88.17391304347827,no_emotion,0.52,sad,18,False
677,2031,88.30434782608695,no_emotion,0.61,sad,18,False
678,2034,88.43478260869566,no_emotion,0.41,sad,18,False
679,2037,88.56521739130434,no_emotion,0.5,neutral,18,False
680,2040,88.69565217391305,no_emotion,0.36,fear,18,False
681,2043,88.82608695652173,no_emotion,0.4,neutral,18,False
682,2046,88.95652173913044,no_emotion,0.43,neutral,18,False
683,2049,89.08695652173913,no_emotion,0.42,neutral,18,False
684,2052,89.21739130434783,no_emotion,0.32,angry,18,False
685,2055,89.34782608695652,no_emotion,0.44,neutral,18,False
686,2058,89.47826086956522,no_emotion,0.35,neutral,18,False
687,2061,89.6086956521739,no_emotion,0.39,neutral,18,False
688,2064,89.73913043478261,no_emotion,0.31,fear,18,False
689,2067,89.8695652173913,no_emotion,0.57,neutral,18,False
690,2070,90.0,no_emotion,0.46,neutral,18,False
691,2073,90.1304347826087,no_emotion,0.29,neutral,18,False
692,2076,90.2608695652174,no_emotion,0.53,neutral,18,False
693,2079,90.3913043478261,no_emotion,0.33,sad,18,False
694,2082,90.52173913043478,no_emotion,0.78,neutral,19,False
695,2085,90.65217391304348,no_emotion,0.89,neutral,19,False
696,2088,90.78260869565216,no_emotion,0.56,neutral,19,False
697,2091,90.91304347826087,no_emotion,0.84,neutral,19,False
698,2094,91.04347826086956,no_emotion,0.78,neutral,19,False
699,2097,91.17391304347828,no_emotion,0.92,neutral,19,False
700,2100,91.30434782608695,no_emotion,0.8,neutral,19,False
701,2103,91.43478260869566,no_emotion,0.86,neutral,19,False
702,2106,91.56521739130434,no_emotion,0.95,neutral,19,False
703,2109,91.69565217391305,no_emotion,0.86,neutral,19,False
704,2112,91.82608695652172,neutral,0.96,neutral,19,True
705,2115,91.95652173913044,neutral,0.96,neutral,19,False
706,2118,92.08695652173913,no_emotion,0.81,neutral,19,False
707,2121,92.21739130434784,no_emotion,0.91,neutral,19,False
708,2124,92.34782608695652,no_emotion,0.7,neutral,19,False
709,2127,92.47826086956522,no_emotion,0.81,neutral,19,False
710,2130,92.6086956521739,no_emotion,0.75,neutral,19,False
711,2133,92.7391304347826,no_emotion,0.8,neutral,19,False
712,2136,92.8695652173913,no_emotion,0.76,neutral,19,False
713,2139,93.0,no_emotion,0.75,neutral,19,False
714,2142,93.1304347826087,no_emotion,0.8,neutral,19,False
715,2145,93.2608695652174,no_emotion,0.53,neutral,19,False
716,2148,93.3913043478261,no_emotion,0.53,sad,19,False
717,2151,93.52173913043478,no_emotion,0.56,sad,19,False
718,2154,93.65217391304348,no_emotion,0.62,neutral,19,False
719,2157,93.78260869565216,no_emotion,0.54,sad,19,False
720,2160,93.91304347826087,no_emotion,0.5,sad,19,False
721,2163,94.04347826086956,no_emotion,0.7,neutral,19,False
722,2166,94.17391304347828,no_emotion,0.78,neutral,19,False
723,2169,94.30434782608695,no_emotion,0.59,neutral,19,False
724,2172,94.43478260869566,no_emotion,0.62,neutral,19,False
725,2175,94.56521739130434,no_emotion,0.55,neutral,19,False
726,2178,94.69565217391305,no_emotion,0.75,neutral,19,False
727,2181,94.82608695652172,no_emotion,0.69,neutral,19,False
728,2184,94.95652173913044,no_emotion,0.66,neutral,19,False
729,2187,95.08695652173913,no_emotion,0.71,neutral,19,False
730,2190,95.21739130434784,no_emotion,0.66,neutral,19,False
731,2193,95.34782608695652,no_emotion,0.77,neutral,19,False
732,2196,95.47826086956522,no_emotion,0.68,neutral,19,False
733,2199,95.6086956521739,no_emotion,0.6,neutral,19,False
734,2202,95.7391304347826,no_emotion,0.55,neutral,19,False
735,2205,95.8695652173913,no_emotion,0.74,neutral,19,False
736,2208,96.0,no_emotion,0.4,neutral,20,False
737,2211,96.1304347826087,no_emotion,0.31,sad,20,False
738,2214,96.2608695652174,no_emotion,0.48,neutral,20,False
739,2217,96.3913043478261,no_emotion,0.46,neutral,20,False
740,2220,96.52173913043478,no_emotion,0.66,neutral,20,False
741,2223,96.65217391304348,no_emotion,0.85,neutral,20,False
742,2226,96.78260869565216,no_emotion,0.83,neutral,20,False
743,2229,96.91304347826087,no_emotion,0.41,neutral,20,False
744,2232,97.04347826086956,no_emotion,0.56,neutral,20,False
745,2235,97.17391304347828,no_emotion,0.65,neutral,20,False
746,2238,97.30434782608695,no_emotion,0.59,neutral,20,False
747,2241,97.43478260869566,no_emotion,0.68,neutral,20,False
748,2244,97.56521739130434,no_emotion,0.35,fear,20,False
749,2247,97.69565217391305,no_emotion,0.33,fear,20,False
750,2250,97.82608695652172,no_emotion,0.63,neutral,20,False
751,2253,97.95652173913044,no_emotion,0.39,neutral,20,False
752,2256,98.08695652173913,no_emotion,0.47,neutral,20,False
753,2259,98.21739130434784,no_emotion,0.35,fear,20,False
754,2262,98.34782608695652,no_emotion,0.55,neutral,20,False
755,2265,98.47826086956522,no_emotion,0.73,neutral,20,False
756,2268,98.6086956521739,no_emotion,0.55,neutral,20,False
757,2271,98.7391304347826,no_emotion,0.39,neutral,20,False
758,2274,98.8695652173913,no_emotion,0.58,neutral,20,False
759,2277,99.0,no_emotion,0.5,neutral,21,False
760,2280,99.1304347826087,no_emotion,0.81,neutral,21,False
761,2283,99.2608695652174,no_emotion,0.6,neutral,21,False
762,2286,99.3913043478261,no_emotion,0.55,neutral,21,False
763,2289,99.52173913043478,no_emotion,0.7,neutral,21,False
764,2292,99.65217391304348,no_emotion,0.69,neutral,21,False
765,2295,99.78260869565216,no_emotion,0.76,neutral,21,False
766,2298,99.91304347826087,no_emotion,0.7,neutral,21,False
767,2301,100.04347826086956,no_emotion,0.73,neutral,21,False
768,2304,100.17391304347828,no_emotion,0.84,neutral,21,False
769,2307,100.30434782608695,no_emotion,0.7,neutral,21,False
770,2310,100.43478260869566,no_emotion,0.62,neutral,21,False
771,2313,100.56521739130434,no_emotion,0.53,neutral,22,False
772,2316,100.69565217391305,no_emotion,0.54,neutral,22,False
773,2319,100.82608695652172,no_emotion,0.63,neutral,22,False
774,2322,100.95652173913044,no_emotion,0.36,sad,22,False
775,2325,101.08695652173913,no_emotion,0.35,sad,22,False
776,2328,101.21739130434784,no_emotion,0.38,sad,22,False
777,2331,101.34782608695652,no_emotion,0.39,sad,22,False
778,2334,101.47826086956522,no_emotion,0.34,neutral,22,False
779,2337,101.6086956521739,no_emotion,0.32,neutral,22,False
780,2340,101.7391304347826,no_emotion,0.34,neutral,22,False
781,2343,101.8695652173913,no_emotion,0.46,sad,22,False
782,2346,102.0,no_emotion,0.42,neutral,22,False
783,2349,102.1304347826087,no_emotion,0.54,neutral,22,False
784,2352,102.2608695652174,no_emotion,0.63,neutral,22,False
785,2355,102.3913043478261,no_emotion,0.53,neutral,22,False
786,2358,102.52173913043478,no_emotion,0.63,neutral,22,False
787,2361,102.65217391304348,no_emotion,0.52,neutral,22,False
788,2364,102.78260869565216,no_emotion,0.63,neutral,22,False
789,2367,102.91304347826087,no_emotion,0.55,neutral,22,False
790,2370,103.04347826086956,no_emotion,0.49,neutral,22,False
791,2373,103.17391304347828,no_emotion,0.5,sad,22,False
792,2376,103.30434782608695,no_emotion,0.5,sad,22,False
793,2379,103.43478260869566,no_emotion,0.43,sad,22,False
794,2382,103.56521739130434,no_emotion,0.46,neutral,22,False
795,2385,103.69565217391305,no_emotion,0.62,neutral,22,False
796,2388,103.82608695652172,no_emotion,0.3,neutral,22,False
797,2391,103.95652173913044,no_emotion,0.62,neutral,22,False
798,2394,104.08695652173913,no_emotion,0.42,neutral,22,False
799,2397,104.21739130434784,no_emotion,0.51,neutral,22,False
800,2400,104.34782608695652,no_emotion,0.43,sad,22,False
801,2403,104.47826086956522,no_emotion,0.37,sad,22,False
802,2406,104.6086956521739,no_emotion,0.49,angry,22,False
803,2409,104.7391304347826,no_emotion,0.4,sad,22,False
804,2412,104.8695652173913,no_emotion,0.41,sad,22,False
805,2415,105.0,no_emotion,0.33,neutral,22,False
806,2418,105.1304347826087,no_emotion,0.29,neutral,22,False
807,2421,105.2608695652174,no_emotion,0.34,angry,22,False
808,2424,105.3913043478261,no_emotion,0.42,neutral,22,False
809,2427,105.52173913043478,no_emotion,0.36,neutral,22,False
810,2430,105.65217391304348,no_emotion,0.36,sad,22,False
811,2433,105.78260869565216,no_emotion,0.33,sad,22,False
812,2436,105.91304347826087,no_emotion,0.31,fear,22,False
813,2439,106.04347826086956,no_emotion,0.42,sad,22,False
814,2442,106.17391304347828,no_emotion,0.63,sad,22,False
815,2445,106.30434782608695,no_emotion,0.57,sad,22,False
816,2448,106.43478260869566,no_emotion,0.45,sad,22,False
817,2451,106.56521739130434,no_emotion,0.51,sad,23,False
818,2454,106.69565217391305,no_emotion,0.59,neutral,23,False
819,2457,106.82608695652172,no_emotion,0.57,neutral,23,False
820,2460,106.95652173913044,no_emotion,0.35,neutral,23,False
821,2463,107.08695652173913,no_emotion,0.86,neutral,23,False
822,2466,107.21739130434784,no_emotion,0.82,neutral,23,False
823,2469,107.34782608695652,no_emotion,0.91,neutral,23,False
824,2472,107.47826086956522,no_emotion,0.88,neutral,23,False
825,2475,107.6086956521739,no_emotion,0.94,neutral,23,False
826,2478,107.7391304347826,no_emotion,0.92,neutral,23,False
827,2481,107.8695652173913,no_emotion,0.74,neutral,23,False
828,2484,108.0,no_emotion,0.5,neutral,23,False
829,2487,108.1304347826087,no_emotion,0.44,neutral,23,False
830,2490,108.2608695652174,no_emotion,0.89,neutral,23,False
831,2493,108.3913043478261,no_emotion,0.85,neutral,23,False
832,2496,108.52173913043478,no_emotion,0.9,neutral,23,False
833,2499,108.65217391304348,no_emotion,0.89,neutral,23,False
834,2502,108.78260869565216,no_emotion,0.89,neutral,23,False
835,2505,108.91304347826087,no_emotion,0.88,neutral,23,False
836,2508,109.04347826086956,no_emotion,0.9,neutral,23,False
837,2511,109.17391304347828,no_emotion,0.9,neutral,23,False
838,2514,109.30434782608695,no_emotion,0.73,neutral,23,False
839,2517,109.43478260869566,no_emotion,0.83,neutral,23,False
840,2520,109.56521739130434,no_emotion,0.7,neutral,23,False
841,2523,109.69565217391305,no_emotion,0.84,neutral,23,False
842,2526,109.82608695652172,no_emotion,0.63,neutral,23,False
843,2529,109.95652173913044,no_emotion,0.91,neutral,23,False
844,2532,110.08695652173913,no_emotion,0.8,neutral,23,False
845,2535,110.21739130434784,no_emotion,0.84,neutral,23,False
846,2538,110.34782608695652,no_emotion,0.87,neutral,23,False
847,2541,110.47826086956522,no_emotion,0.91,neutral,23,False
848,2544,110.6086956521739,no_emotion,0.8,neutral,23,False
849,2547,110.7391304347826,no_emotion,0.91,neutral,23,False
850,2550,110.8695652173913,no_emotion,0.89,neutral,23,False
851,2553,111.0,sad,0.8,sad,24,True
852,2556,111.1304347826087,no_emotion,0.5,angry,24,False
853,2559,111.2608695652174,no_emotion,0.5,sad,24,False
854,2562,111.3913043478261,no_emotion,0.78,sad,24,False
855,2565,111.52173913043478,no_emotion,0.6,sad,24,False
856,2568,111.65217391304348,no_emotion,0.44,sad,24,False
857,2571,111.78260869565216,no_emotion,0.75,sad,24,False
858,2574,111.91304347826087,no_emotion,0.7,sad,24,False
859,2577,112.04347826086956,sad,0.82,sad,24,False
860,2580,112.17391304347828,no_emotion,0.66,sad,24,False
861,2583,112.30434782608695,no_emotion,0.66,sad,24,False
862,2586,112.43478260869566,no_emotion,0.61,sad,24,False
863,2589,112.56521739130434,no_emotion,0.63,sad,24,False
864,2592,112.69565217391305,no_emotion,0.58,sad,24,False
865,2595,112.82608695652172,no_emotion,0.53,sad,24,False
866,2598,112.95652173913044,no_emotion,0.61,sad,24,False
867,2601,113.08695652173913,no_emotion,0.62,sad,24,False
868,2604,113.21739130434784,no_emotion,0.64,sad,24,False
869,2607,113.34782608695652,no_emotion,0.57,sad,24,False
870,2610,113.47826086956522,no_emotion,0.49,sad,24,False
871,2613,113.6086956521739,no_emotion,0.56,sad,24,False
872,2616,113.7391304347826,no_emotion,0.57,sad,24,False
873,2619,113.8695652173913,no_emotion,0.6,sad,24,False
874,2622,114.0,no_emotion,0.86,neutral,25,False
875,2625,114.1304347826087,no_emotion,0.86,neutral,25,False
876,2628,114.2608695652174,no_emotion,0.88,neutral,25,False
877,2631,114.3913043478261,no_emotion,0.78,neutral,25,False
878,2634,114.52173913043478,no_emotion,0.77,neutral,25,False
879,2637,114.65217391304348,no_emotion,0.82,neutral,25,False
880,2640,114.78260869565216,no_emotion,0.78,neutral,25,False
881,2643,114.91304347826087,no_emotion,0.89,neutral,25,False
882,2646,115.04347826086956,no_emotion,0.87,neutral,25,False
883,2649,115.17391304347828,no_emotion,0.89,neutral,25,False
884,2652,115.30434782608695,no_emotion,0.9,neutral,25,False
885,2655,115.43478260869566,no_emotion,0.52,neutral,25,False
886,2658,115.56521739130434,no_emotion,0.55,neutral,25,False
887,2661,115.69565217391305,no_emotion,0.73,neutral,25,False
888,2664,115.82608695652172,no_emotion,0.53,neutral,25,False
889,2667,115.95652173913044,no_emotion,0.71,neutral,25,False
890,2670,116.08695652173913,no_emotion,0.71,neutral,25,False
891,2673,116.21739130434784,no_emotion,0.73,neutral,25,False
892,2676,116.34782608695652,no_emotion,0.46,sad,25,False
893,2679,116.47826086956522,no_emotion,0.77,neutral,25,False
894,2682,116.6086956521739,no_emotion,0.57,neutral,25,False
895,2685,116.7391304347826,no_emotion,0.63,neutral,25,False
896,2688,116.8695652173913,no_emotion,0.58,neutral,25,False
897,2691,117.0,no_emotion,0.58,neutral,25,False
898,2694,117.1304347826087,no_emotion,0.55,neutral,25,False
899,2697,117.2608695652174,no_emotion,0.87,neutral,25,False
900,2700,117.3913043478261,no_emotion,0.78,neutral,25,False
901,2703,117.52173913043478,no_emotion,0.83,neutral,25,False
902,2706,117.65217391304348,no_emotion,0.81,neutral,25,False
903,2709,117.78260869565216,no_emotion,0.69,neutral,25,False
904,2712,117.91304347826087,no_emotion,0.73,neutral,25,False
905,2715,118.04347826086956,no_emotion,0.78,neutral,25,False
906,2718,118.17391304347828,no_emotion,0.69,neutral,25,False
907,2721,118.30434782608695,no_emotion,0.6,neutral,25,False
908,2724,118.43478260869566,no_emotion,0.77,neutral,25,False
909,2727,118.56521739130434,no_emotion,0.62,neutral,25,False
910,2730,118.69565217391305,no_emotion,0.78,neutral,25,False
911,2733,118.82608695652172,no_emotion,0.81,neutral,25,False
912,2736,118.95652173913044,no_emotion,0.9,neutral,25,False
913,2739,119.08695652173913,no_emotion,0.86,neutral,25,False
914,2742,119.21739130434784,no_emotion,0.82,neutral,25,False
915,2745,119.34782608695652,neutral,0.96,neutral,25,True
916,2748,119.47826086956522,no_emotion,0.9,neutral,25,False
917,2751,119.6086956521739,no_emotion,0.82,neutral,25,False
918,2754,119.7391304347826,no_emotion,0.63,neutral,25,False
919,2757,119.8695652173913,no_emotion,0.8,neutral,25,False
920,2760,120.0,no_emotion,0.75,neutral,25,False
921,2763,120.1304347826087,no_emotion,0.77,neutral,25,False
922,2766,120.2608695652174,no_emotion,0.77,neutral,25,False
923,2769,120.3913043478261,no_emotion,0.81,neutral,25,False
924,2772,120.52173913043478,no_emotion,0.57,happy,25,False
925,2775,120.65217391304348,no_emotion,0.42,sad,25,False
926,2778,120.78260869565216,no_emotion,0.61,sad,25,False
927,2781,120.91304347826087,no_emotion,0.0,,25,False
928,2784,121.04347826086956,no_emotion,0.0,,25,False
929,2787,121.17391304347828,no_emotion,0.3,neutral,25,False
930,2790,121.30434782608695,no_emotion,0.54,neutral,25,False
931,2793,121.43478260869566,no_emotion,0.57,neutral,25,False
932,2796,121.56521739130434,no_emotion,0.51,neutral,25,False
933,2799,121.69565217391305,no_emotion,0.69,neutral,25,False
934,2802,121.82608695652172,no_emotion,0.91,neutral,25,False
935,2805,121.95652173913044,no_emotion,0.57,neutral,25,False
936,2808,122.08695652173913,no_emotion,0.6,neutral,25,False
937,2811,122.21739130434784,no_emotion,0.62,neutral,25,False
938,2814,122.34782608695652,no_emotion,0.53,neutral,25,False
939,2817,122.47826086956522,no_emotion,0.43,neutral,25,False
940,2820,122.6086956521739,no_emotion,0.82,neutral,25,False
941,2823,122.7391304347826,no_emotion,0.81,neutral,25,False
942,2826,122.8695652173913,no_emotion,0.82,neutral,25,False
943,2829,123.0,no_emotion,0.92,neutral,25,False
944,2832,123.1304347826087,no_emotion,0.85,neutral,25,False
945,2835,123.2608695652174,no_emotion,0.93,neutral,25,False
946,2838,123.3913043478261,neutral,0.96,neutral,25,False
947,2841,123.52173913043478,neutral,0.96,neutral,25,False
948,2844,123.65217391304348,no_emotion,0.58,sad,26,False
949,2847,123.78260869565216,no_emotion,0.53,sad,26,False
950,2850,123.91304347826087,no_emotion,0.53,sad,26,False
951,2853,124.04347826086956,no_emotion,0.5,sad,26,False
952,2856,124.17391304347828,no_emotion,0.46,sad,26,False
953,2859,124.30434782608695,no_emotion,0.6,sad,26,False
954,2862,124.43478260869566,no_emotion,0.61,sad,26,False
955,2865,124.56521739130434,no_emotion,0.56,sad,26,False
956,2868,124.69565217391305,no_emotion,0.56,sad,26,False
957,2871,124.82608695652172,no_emotion,0.56,sad,26,False
958,2874,124.95652173913044,no_emotion,0.61,sad,26,False
959,2877,125.08695652173913,no_emotion,0.52,sad,26,False
960,2880,125.21739130434784,no_emotion,0.55,sad,26,False
961,2883,125.34782608695652,no_emotion,0.58,sad,26,False
962,2886,125.47826086956522,no_emotion,0.59,sad,26,False
963,2889,125.6086956521739,no_emotion,0.6,sad,26,False
964,2892,125.7391304347826,no_emotion,0.59,sad,26,False
965,2895,125.8695652173913,no_emotion,0.65,sad,26,False
966,2898,126.0,no_emotion,0.63,sad,26,False
967,2901,126.1304347826087,no_emotion,0.63,sad,26,False
968,2904,126.2608695652174,no_emotion,0.57,sad,26,False
969,2907,126.3913043478261,no_emotion,0.57,sad,26,False
970,2910,126.52173913043478,no_emotion,0.57,sad,26,False
971,2913,126.65217391304348,no_emotion,0.58,sad,26,False
972,2916,126.78260869565216,no_emotion,0.63,sad,26,False
973,2919,126.91304347826087,no_emotion,0.67,sad,26,False
974,2922,127.04347826086956,no_emotion,0.63,sad,26,False
975,2925,127.17391304347828,no_emotion,0.7,sad,26,False
976,2928,127.30434782608695,no_emotion,0.66,sad,26,False
977,2931,127.43478260869566,no_emotion,0.63,sad,26,False
978,2934,127.56521739130434,no_emotion,0.69,sad,26,False
979,2937,127.69565217391305,no_emotion,0.63,sad,26,False
980,2940,127.82608695652172,no_emotion,0.6,sad,26,False
981,2943,127.95652173913044,no_emotion,0.6,sad,26,False
982,2946,128.08695652173913,no_emotion,0.72,sad,26,False
983,2949,128.2173913043478,no_emotion,0.72,sad,26,False
984,2952,128.34782608695653,no_emotion,0.68,sad,26,False
985,2955,128.47826086956522,no_emotion,0.7,sad,26,False
986,2958,128.6086956521739,no_emotion,0.71,sad,26,False
987,2961,128.7391304347826,no_emotion,0.4,sad,26,False
988,2964,128.8695652173913,no_emotion,0.47,angry,26,False
989,2967,129.0,no_emotion,0.51,angry,26,False
990,2970,129.1304347826087,no_emotion,0.52,angry,26,False
991,2973,129.2608695652174,no_emotion,0.45,angry,26,False
992,2976,129.3913043478261,no_emotion,0.48,sad,26,False
993,2979,129.52173913043478,no_emotion,0.43,angry,26,False
994,2982,129.65217391304347,no_emotion,0.45,angry,26,False
995,2985,129.7826086956522,no_emotion,0.45,angry,26,False
996,2988,129.91304347826087,no_emotion,0.42,angry,26,False
997,2991,130.04347826086956,no_emotion,0.44,sad,26,False
998,2994,130.17391304347825,no_emotion,0.56,sad,26,False
999,2997,130.30434782608697,no_emotion,0.43,sad,26,False
1000,3000,130.43478260869566,no_emotion,0.43,sad,26,False
1001,3003,130.56521739130434,no_emotion,0.46,angry,26,False
1002,3006,130.69565217391303,no_emotion,0.46,neutral,26,False
1003,3009,130.82608695652175,no_emotion,0.46,neutral,26,False
1004,3012,130.95652173913044,no_emotion,0.48,neutral,26,False
1005,3015,131.08695652173913,no_emotion,0.44,neutral,26,False
1006,3018,131.2173913043478,no_emotion,0.52,neutral,26,False
1007,3021,131.34782608695653,no_emotion,0.6,neutral,26,False
1008,3024,131.47826086956522,no_emotion,0.43,neutral,26,False
1009,3027,131.6086956521739,no_emotion,0.48,neutral,26,False
1010,3030,131.7391304347826,no_emotion,0.46,neutral,26,False
1011,3033,131.8695652173913,no_emotion,0.49,neutral,26,False
1012,3036,132.0,no_emotion,0.56,neutral,26,False
1013,3039,132.1304347826087,no_emotion,0.43,neutral,26,False
1014,3042,132.2608695652174,no_emotion,0.48,neutral,26,False
1015,3045,132.3913043478261,no_emotion,0.44,neutral,26,False
1016,3048,132.52173913043478,no_emotion,0.39,neutral,26,False
1017,3051,132.65217391304347,no_emotion,0.56,neutral,26,False
1018,3054,132.7826086956522,no_emotion,0.41,neutral,26,False
1019,3057,132.91304347826087,no_emotion,0.54,sad,26,False
1020,3060,133.04347826086956,no_emotion,0.6,sad,26,False
1021,3063,133.17391304347825,no_emotion,0.53,sad,26,False
1022,3066,133.30434782608697,no_emotion,0.0,,26,False
1023,3069,133.43478260869566,no_emotion,0.38,sad,26,False
1024,3072,133.56521739130434,no_emotion,0.34,sad,26,False
1025,3075,133.69565217391303,no_emotion,0.46,sad,26,False
1026,3078,133.82608695652175,no_emotion,0.52,sad,26,False
1027,3081,133.95652173913044,no_emotion,0.39,sad,26,False
1028,3084,134.08695652173913,no_emotion,0.55,sad,26,False
1029,3087,134.2173913043478,no_emotion,0.54,sad,26,False
1030,3090,134.34782608695653,no_emotion,0.53,sad,26,False
1031,3093,134.47826086956522,no_emotion,0.49,sad,26,False
1032,3096,134.6086956521739,no_emotion,0.52,sad,26,False
1033,3099,134.7391304347826,no_emotion,0.0,,26,False
1034,3102,134.8695652173913,no_emotion,0.45,sad,26,False
1035,3105,135.0,no_emotion,0.36,sad,26,False
1036,3108,135.1304347826087,no_emotion,0.43,sad,26,False
1037,3111,135.2608695652174,no_emotion,0.46,sad,26,False
1038,3114,135.3913043478261,no_emotion,0.42,sad,26,False
1039,3117,135.52173913043478,no_emotion,0.37,sad,26,False
1040,3120,135.65217391304347,no_emotion,0.49,neutral,26,False
1041,3123,135.7826086956522,no_emotion,0.55,neutral,26,False
1042,3126,135.91304347826087,no_emotion,0.52,neutral,27,False
1043,3129,136.04347826086956,no_emotion,0.57,neutral,27,False
1044,3132,136.17391304347825,no_emotion,0.47,neutral,27,False
1045,3135,136.30434782608697,no_emotion,0.37,neutral,27,False
1046,3138,136.43478260869566,no_emotion,0.78,happy,27,False
1047,3141,136.56521739130434,no_emotion,0.75,happy,27,False
1048,3144,136.69565217391303,no_emotion,0.52,neutral,27,False
1049,3147,136.82608695652175,no_emotion,0.44,neutral,27,False
1050,3150,136.95652173913044,no_emotion,0.53,happy,27,False
1051,3153,137.08695652173913,no_emotion,0.62,happy,27,False
1052,3156,137.2173913043478,no_emotion,0.63,happy,27,False
1053,3159,137.34782608695653,no_emotion,0.44,happy,27,False
1054,3162,137.47826086956522,no_emotion,0.0,,27,False
1055,3165,137.6086956521739,no_emotion,0.53,happy,27,False
1056,3168,137.7391304347826,no_emotion,0.49,happy,27,False
1057,3171,137.8695652173913,no_emotion,0.0,,27,False
1058,3174,138.0,no_emotion,0.59,happy,27,False
1059,3177,138.1304347826087,no_emotion,0.45,neutral,27,False
1060,3180,138.2608695652174,no_emotion,0.66,neutral,27,False
1061,3183,138.3913043478261,no_emotion,0.65,neutral,27,False
1062,3186,138.52173913043478,no_emotion,0.43,neutral,27,False
1063,3189,138.65217391304347,no_emotion,0.56,neutral,27,False
1064,3192,138.7826086956522,no_emotion,0.47,neutral,27,False
1065,3195,138.91304347826087,no_emotion,0.53,neutral,27,False
1066,3198,139.04347826086956,no_emotion,0.43,happy,27,False
1067,3201,139.17391304347825,no_emotion,0.49,happy,27,False
1068,3204,139.30434782608697,no_emotion,0.56,happy,27,False
1069,3207,139.43478260869566,no_emotion,0.57,happy,27,False
1070,3210,139.56521739130434,no_emotion,0.54,happy,27,False
1071,3213,139.69565217391303,no_emotion,0.54,happy,27,False
1072,3216,139.82608695652175,no_emotion,0.62,happy,27,False
1073,3219,139.95652173913044,no_emotion,0.71,happy,27,False
1074,3222,140.08695652173913,no_emotion,0.68,happy,27,False
1075,3225,140.2173913043478,no_emotion,0.77,neutral,27,False
1076,3228,140.34782608695653,no_emotion,0.55,sad,27,False
1077,3231,140.47826086956522,no_emotion,0.55,neutral,27,False
1078,3234,140.6086956521739,no_emotion,0.53,neutral,27,False
1079,3237,140.7391304347826,no_emotion,0.53,neutral,27,False
1080,3240,140.8695652173913,no_emotion,0.57,neutral,27,False
1081,3243,141.0,no_emotion,0.34,neutral,27,False
1082,3246,141.1304347826087,no_emotion,0.61,neutral,27,False
1083,3249,141.2608695652174,no_emotion,0.58,neutral,27,False
1084,3252,141.3913043478261,no_emotion,0.47,neutral,28,False
1085,3255,141.52173913043478,no_emotion,0.5,neutral,28,False
1086,3258,141.65217391304347,no_emotion,0.53,neutral,28,False
1087,3261,141.7826086956522,no_emotion,0.55,neutral,28,False
1088,3264,141.91304347826087,no_emotion,0.55,neutral,28,False
1089,3267,142.04347826086956,no_emotion,0.39,sad,28,False
1090,3270,142.17391304347825,sad,0.84,sad,28,True
1091,3273,142.30434782608697,sad,0.81,sad,28,False
1092,3276,142.43478260869566,no_emotion,0.79,sad,28,False
1093,3279,142.56521739130434,no_emotion,0.63,sad,28,False
1094,3282,142.69565217391303,no_emotion,0.54,angry,28,False
1095,3285,142.82608695652175,no_emotion,0.45,angry,28,False
1096,3288,142.95652173913044,no_emotion,0.35,sad,28,False
1097,3291,143.08695652173913,no_emotion,0.45,sad,28,False
1098,3294,143.2173913043478,no_emotion,0.63,sad,28,False
1099,3297,143.34782608695653,no_emotion,0.69,sad,28,False
1100,3300,143.47826086956522,sad,0.81,sad,28,False
1101,3303,143.6086956521739,sad,0.86,sad,28,False
1102,3306,143.7391304347826,sad,0.88,sad,28,False
1103,3309,143.8695652173913,sad,0.84,sad,28,False
1104,3312,144.0,no_emotion,0.76,sad,28,False
1105,3315,144.1304347826087,sad,0.83,sad,28,False
1106,3318,144.2608695652174,no_emotion,0.78,sad,28,False
1107,3321,144.3913043478261,sad,0.8,sad,28,False
1108,3324,144.52173913043478,no_emotion,0.79,sad,28,False
1109,3327,144.65217391304347,sad,0.8,sad,28,False
1110,3330,144.7826086956522,no_emotion,0.77,sad,28,False
1111,3333,144.91304347826087,no_emotion,0.75,sad,28,False
1112,3336,145.04347826086956,no_emotion,0.76,sad,28,False
1113,3339,145.17391304347825,no_emotion,0.72,sad,28,False
1114,3342,145.30434782608697,no_emotion,0.75,sad,28,False
1115,3345,145.43478260869566,no_emotion,0.74,sad,28,False
1116,3348,145.56521739130434,no_emotion,0.48,sad,28,False
1117,3351,145.69565217391303,no_emotion,0.33,neutral,28,False
1118,3354,145.82608695652175,no_emotion,0.41,neutral,28,False
1119,3357,145.95652173913044,no_emotion,0.56,angry,28,False
1120,3360,146.08695652173913,no_emotion,0.48,neutral,28,False
1121,3363,146.2173913043478,no_emotion,0.46,neutral,28,False
1122,3366,146.34782608695653,no_emotion,0.48,neutral,28,False
1123,3369,146.47826086956522,no_emotion,0.44,neutral,28,False
1124,3372,146.6086956521739,no_emotion,0.45,neutral,28,False
1125,3375,146.7391304347826,no_emotion,0.42,angry,28,False
1126,3378,146.8695652173913,no_emotion,0.39,angry,28,False
1127,3381,147.0,no_emotion,0.43,angry,28,False
1128,3384,147.1304347826087,no_emotion,0.39,neutral,28,False
1129,3387,147.2608695652174,no_emotion,0.4,angry,28,False
1130,3390,147.3913043478261,no_emotion,0.49,angry,28,False
1131,3393,147.52173913043478,no_emotion,0.47,angry,28,False
1132,3396,147.65217391304347,no_emotion,0.42,neutral,28,False
1133,3399,147.7826086956522,no_emotion,0.42,angry,28,False
1134,3402,147.91304347826087,no_emotion,0.38,neutral,28,False
1135,3405,148.04347826086956,no_emotion,0.43,neutral,28,False
1136,3408,148.17391304347825,no_emotion,0.46,angry,28,False
1137,3411,148.30434782608697,no_emotion,0.39,angry,28,False
1138,3414,148.43478260869566,no_emotion,0.57,neutral,28,False
1139,3417,148.56521739130434,no_emotion,0.44,neutral,28,False
1140,3420,148.69565217391303,no_emotion,0.52,neutral,28,False
1141,3423,148.82608695652175,no_emotion,0.58,neutral,28,False
1142,3426,148.95652173913044,no_emotion,0.71,neutral,28,False
1143,3429,149.08695652173913,no_emotion,0.63,neutral,28,False
1144,3432,149.2173913043478,no_emotion,0.63,neutral,28,False
1145,3435,149.34782608695653,no_emotion,0.38,sad,28,False
1146,3438,149.47826086956522,no_emotion,0.37,sad,28,False
1147,3441,149.6086956521739,no_emotion,0.32,neutral,28,False
1148,3444,149.7391304347826,no_emotion,0.37,neutral,28,False
1149,3447,149.8695652173913,no_emotion,0.49,neutral,28,False
1150,3450,150.0,no_emotion,0.42,neutral,28,False
1151,3453,150.1304347826087,no_emotion,0.61,neutral,28,False
1152,3456,150.2608695652174,no_emotion,0.43,neutral,28,False
1153,3459,150.3913043478261,no_emotion,0.6,neutral,28,False
1154,3462,150.52173913043478,no_emotion,0.64,neutral,28,False
1155,3465,150.65217391304347,no_emotion,0.61,neutral,28,False
1156,3468,150.7826086956522,no_emotion,0.49,neutral,28,False
1157,3471,150.91304347826087,no_emotion,0.48,angry,28,False
1158,3474,151.04347826086956,no_emotion,0.58,neutral,28,False
1159,3477,151.17391304347825,no_emotion,0.51,neutral,28,False
1160,3480,151.30434782608697,no_emotion,0.49,angry,28,False
1161,3483,151.43478260869566,no_emotion,0.44,neutral,28,False
1162,3486,151.56521739130434,no_emotion,0.44,angry,28,False
1163,3489,151.69565217391303,no_emotion,0.62,neutral,28,False
1164,3492,151.82608695652175,no_emotion,0.7,neutral,28,False
1165,3495,151.95652173913044,no_emotion,0.45,neutral,28,False
1166,3498,152.08695652173913,no_emotion,0.56,neutral,28,False
1167,3501,152.2173913043478,no_emotion,0.45,neutral,28,False
1168,3504,152.34782608695653,no_emotion,0.55,neutral,28,False
1169,3507,152.47826086956522,no_emotion,0.43,neutral,28,False
1170,3510,152.6086956521739,no_emotion,0.5,angry,28,False
1171,3513,152.7391304347826,no_emotion,0.47,angry,28,False
1172,3516,152.8695652173913,no_emotion,0.47,neutral,28,False
1173,3519,153.0,no_emotion,0.46,neutral,28,False
1174,3522,153.1304347826087,no_emotion,0.4,angry,28,False
1175,3525,153.2608695652174,no_emotion,0.53,neutral,28,False
1176,3528,153.3913043478261,no_emotion,0.44,angry,28,False
1177,3531,153.52173913043478,no_emotion,0.43,angry,28,False
1178,3534,153.65217391304347,no_emotion,0.42,angry,28,False
1179,3537,153.7826086956522,no_emotion,0.46,angry,28,False
1180,3540,153.91304347826087,no_emotion,0.48,neutral,28,False
1181,3543,154.04347826086956,no_emotion,0.43,neutral,28,False
1182,3546,154.17391304347825,no_emotion,0.4,angry,28,False
1183,3549,154.30434782608697,no_emotion,0.49,angry,28,False
1184,3552,154.43478260869566,no_emotion,0.48,angry,28,False
1185,3555,154.56521739130434,no_emotion,0.47,angry,28,False
1186,3558,154.69565217391303,no_emotion,0.39,angry,28,False
1187,3561,154.82608695652175,no_emotion,0.51,angry,28,False
1188,3564,154.95652173913044,no_emotion,0.44,neutral,28,False
1189,3567,155.08695652173913,no_emotion,0.42,neutral,28,False
1190,3570,155.2173913043478,no_emotion,0.49,angry,28,False
1191,3573,155.34782608695653,no_emotion,0.45,angry,28,False
1192,3576,155.47826086956522,no_emotion,0.43,angry,28,False
1193,3579,155.6086956521739,no_emotion,0.46,neutral,28,False
1194,3582,155.7391304347826,no_emotion,0.33,neutral,28,False
1195,3585,155.8695652173913,no_emotion,0.5,neutral,28,False
1196,3588,156.0,no_emotion,0.49,sad,28,False
1197,3591,156.1304347826087,no_emotion,0.51,sad,28,False
1198,3594,156.2608695652174,no_emotion,0.74,neutral,28,False
1199,3597,156.3913043478261,no_emotion,0.87,neutral,28,False
1200,3600,156.52173913043478,no_emotion,0.79,neutral,28,False
1201,3603,156.65217391304347,no_emotion,0.62,neutral,28,False
1202,3606,156.7826086956522,no_emotion,0.59,neutral,28,False
1203,3609,156.91304347826087,no_emotion,0.69,neutral,28,False
1204,3612,157.04347826086956,no_emotion,0.71,neutral,28,False
1205,3615,157.17391304347825,no_emotion,0.42,angry,28,False
1206,3618,157.30434782608697,no_emotion,0.45,neutral,28,False
1207,3621,157.43478260869566,no_emotion,0.53,angry,28,False
1208,3624,157.56521739130434,no_emotion,0.37,angry,28,False
1209,3627,157.69565217391303,no_emotion,0.59,neutral,28,False
1210,3630,157.82608695652175,no_emotion,0.41,neutral,28,False
1211,3633,157.95652173913044,no_emotion,0.4,angry,28,False
1212,3636,158.08695652173913,no_emotion,0.37,angry,28,False
1213,3639,158.2173913043478,no_emotion,0.29,angry,29,False
1214,3642,158.34782608695653,no_emotion,0.92,neutral,29,False
1215,3645,158.47826086956522,no_emotion,0.94,neutral,29,False
1216,3648,158.6086956521739,no_emotion,0.93,neutral,29,False
1217,3651,158.7391304347826,no_emotion,0.9,neutral,29,False
1218,3654,158.8695652173913,no_emotion,0.91,neutral,29,False
1219,3657,159.0,no_emotion,0.93,neutral,29,False
1220,3660,159.1304347826087,no_emotion,0.9,neutral,29,False
1221,3663,159.2608695652174,no_emotion,0.87,neutral,29,False
1222,3666,159.3913043478261,no_emotion,0.91,neutral,29,False
1223,3669,159.52173913043478,no_emotion,0.83,neutral,29,False
1224,3672,159.65217391304347,no_emotion,0.89,neutral,29,False
1225,3675,159.7826086956522,no_emotion,0.94,neutral,29,False
1226,3678,159.91304347826087,no_emotion,0.69,neutral,29,False
1227,3681,160.04347826086956,no_emotion,0.8,neutral,29,False
1228,3684,160.17391304347825,no_emotion,0.73,neutral,29,False
1229,3687,160.30434782608697,no_emotion,0.68,neutral,29,False
1230,3690,160.43478260869566,no_emotion,0.72,neutral,29,False
1231,3693,160.56521739130434,no_emotion,0.0,,29,False
1232,3696,160.69565217391303,no_emotion,0.71,neutral,29,False
1233,3699,160.82608695652175,no_emotion,0.0,,29,False
1234,3702,160.95652173913044,no_emotion,0.0,,29,False
1235,3705,161.08695652173913,no_emotion,0.84,neutral,29,False
1236,3708,161.2173913043478,no_emotion,0.9,neutral,29,False
1237,3711,161.34782608695653,no_emotion,0.41,neutral,29,False
1238,3714,161.47826086956522,no_emotion,0.32,sad,30,False
1239,3717,161.6086956521739,no_emotion,0.41,sad,30,False
1240,3720,161.7391304347826,no_emotion,0.41,sad,30,False
1241,3723,161.8695652173913,no_emotion,0.35,sad,30,False
1242,3726,162.0,no_emotion,0.44,sad,30,False
1243,3729,162.1304347826087,no_emotion,0.42,sad,30,False
1244,3732,162.2608695652174,no_emotion,0.34,sad,30,False
1245,3735,162.3913043478261,no_emotion,0.36,sad,30,False
1246,3738,162.52173913043478,no_emotion,0.36,sad,30,False
1247,3741,162.65217391304347,no_emotion,0.4,sad,30,False
1248,3744,162.7826086956522,no_emotion,0.41,sad,30,False
1249,3747,162.91304347826087,no_emotion,0.42,sad,30,False
1250,3750,163.04347826086956,no_emotion,0.38,sad,30,False
1251,3753,163.17391304347825,no_emotion,0.42,sad,30,False
1252,3756,163.30434782608697,no_emotion,0.42,sad,30,False
1253,3759,163.43478260869566,no_emotion,0.35,fear,30,False
1254,3762,163.56521739130434,no_emotion,0.38,sad,30,False
1255,3765,163.69565217391303,no_emotion,0.36,sad,30,False
1256,3768,163.82608695652175,no_emotion,0.35,sad,30,False
1257,3771,163.95652173913044,no_emotion,0.37,sad,30,False
1258,3774,164.08695652173913,no_emotion,0.38,sad,30,False
1259,3777,164.2173913043478,no_emotion,0.41,sad,30,False
1260,3780,164.34782608695653,no_emotion,0.37,fear,30,False
1261,3783,164.47826086956522,no_emotion,0.39,sad,30,False
1262,3786,164.6086956521739,no_emotion,0.39,fear,30,False
1263,3789,164.7391304347826,no_emotion,0.41,fear,30,False
1264,3792,164.8695652173913,no_emotion,0.35,sad,30,False
1265,3795,165.0,no_emotion,0.35,fear,30,False
1266,3798,165.1304347826087,no_emotion,0.36,sad,30,False
1267,3801,165.2608695652174,no_emotion,0.36,fear,30,False
1268,3804,165.3913043478261,no_emotion,0.36,fear,30,False
1269,3807,165.52173913043478,no_emotion,0.37,sad,30,False
1270,3810,165.65217391304347,no_emotion,0.29,sad,30,False
1271,3813,165.7826086956522,no_emotion,0.37,angry,30,False
1272,3816,165.91304347826087,no_emotion,0.69,neutral,30,False
1273,3819,166.04347826086956,no_emotion,0.5,neutral,30,False
1274,3822,166.17391304347825,no_emotion,0.69,neutral,30,False
1275,3825,166.30434782608697,no_emotion,0.77,neutral,30,False
1276,3828,166.43478260869566,no_emotion,0.71,neutral,30,False
1277,3831,166.56521739130434,no_emotion,0.86,neutral,30,False
1278,3834,166.69565217391303,no_emotion,0.66,neutral,30,False
1279,3837,166.82608695652175,no_emotion,0.82,neutral,30,False
1280,3840,166.95652173913044,no_emotion,0.79,neutral,30,False
1281,3843,167.08695652173913,no_emotion,0.73,neutral,30,False
1282,3846,167.2173913043478,no_emotion,0.71,neutral,30,False
1283,3849,167.34782608695653,no_emotion,0.72,neutral,30,False
1284,3852,167.47826086956522,no_emotion,0.77,neutral,30,False
1285,3855,167.6086956521739,no_emotion,0.69,neutral,30,False
1286,3858,167.7391304347826,no_emotion,0.81,neutral,30,False
1287,3861,167.8695652173913,no_emotion,0.69,neutral,30,False
1288,3864,168.0,no_emotion,0.86,neutral,30,False
1289,3867,168.1304347826087,no_emotion,0.85,neutral,30,False
1290,3870,168.2608695652174,no_emotion,0.79,neutral,30,False
1291,3873,168.3913043478261,no_emotion,0.81,neutral,30,False
1292,3876,168.52173913043478,no_emotion,0.64,neutral,30,False
1293,3879,168.65217391304347,no_emotion,0.77,neutral,30,False
1294,3882,168.7826086956522,no_emotion,0.72,neutral,30,False
1295,3885,168.91304347826087,no_emotion,0.75,neutral,30,False
1296,3888,169.04347826086956,no_emotion,0.81,neutral,30,False
1297,3891,169.17391304347825,no_emotion,0.8,neutral,30,False
1298,3894,169.30434782608697,no_emotion,0.53,neutral,30,False
1299,3897,169.43478260869566,no_emotion,0.52,neutral,30,False
1300,3900,169.56521739130434,no_emotion,0.53,neutral,31,False
1301,3903,169.69565217391303,no_emotion,0.88,neutral,31,False
1302,3906,169.82608695652175,no_emotion,0.89,neutral,31,False
1303,3909,169.95652173913044,no_emotion,0.0,,31,False
1304,3912,170.08695652173913,no_emotion,0.0,,31,False
1305,3915,170.2173913043478,no_emotion,0.0,,31,False
1306,3918,170.34782608695653,no_emotion,0.95,neutral,31,False
1307,3921,170.47826086956522,no_emotion,0.84,neutral,31,False
1308,3924,170.6086956521739,no_emotion,0.91,neutral,31,False
1309,3927,170.7391304347826,no_emotion,0.0,,31,False
1310,3930,170.8695652173913,no_emotion,0.0,,31,False
1311,3933,171.0,no_emotion,0.0,,31,False
1312,3936,171.1304347826087,no_emotion,0.0,,31,False
1313,3939,171.2608695652174,no_emotion,0.91,neutral,31,False
1314,3942,171.3913043478261,no_emotion,0.91,neutral,31,False
1315,3945,171.52173913043478,no_emotion,0.92,neutral,31,False
1316,3948,171.65217391304347,no_emotion,0.9,neutral,31,False
1317,3951,171.7826086956522,no_emotion,0.95,neutral,31,False
1318,3954,171.91304347826087,no_emotion,0.0,,31,False
1319,3957,172.04347826086956,no_emotion,0.0,,31,False
1320,3960,172.17391304347825,no_emotion,0.88,neutral,31,False
1321,3963,172.30434782608697,no_emotion,0.94,neutral,31,False
1322,3966,172.43478260869566,no_emotion,0.0,,31,False
1323,3969,172.56521739130434,no_emotion,0.0,,31,False
1324,3972,172.69565217391303,no_emotion,0.45,happy,31,False
1325,3975,172.82608695652175,no_emotion,0.91,neutral,31,False
1326,3978,172.95652173913044,no_emotion,0.85,neutral,32,False
1327,3981,173.08695652173913,no_emotion,0.76,angry,32,False
1328,3984,173.2173913043478,no_emotion,0.4,sad,32,False
1329,3987,173.34782608695653,no_emotion,0.46,sad,32,False
1330,3990,173.47826086956522,no_emotion,0.52,sad,32,False
1331,3993,173.6086956521739,no_emotion,0.51,sad,32,False
1332,3996,173.7391304347826,no_emotion,0.42,sad,32,False
1333,3999,173.8695652173913,no_emotion,0.31,happy,32,False
1334,4002,174.0,no_emotion,0.53,sad,32,False
1335,4005,174.1304347826087,no_emotion,0.47,sad,32,False
1336,4008,174.2608695652174,no_emotion,0.42,sad,32,False
1337,4011,174.3913043478261,no_emotion,0.3,angry,32,False
1338,4014,174.52173913043478,no_emotion,0.38,sad,32,False
1339,4017,174.65217391304347,no_emotion,0.47,neutral,32,False
1340,4020,174.7826086956522,no_emotion,0.5,angry,32,False
1341,4023,174.91304347826087,no_emotion,0.4,angry,32,False
1342,4026,175.04347826086956,angry,0.82,angry,32,True
1343,4029,175.17391304347825,angry,0.8,angry,32,False
1344,4032,175.30434782608697,no_emotion,0.39,neutral,32,False
1345,4035,175.43478260869566,no_emotion,0.34,sad,32,False
1346,4038,175.56521739130434,no_emotion,0.45,angry,32,False
1347,4041,175.69565217391303,no_emotion,0.5,angry,32,False
1348,4044,175.82608695652175,no_emotion,0.44,angry,32,False
1349,4047,175.95652173913044,no_emotion,0.31,angry,32,False
1350,4050,176.08695652173913,no_emotion,0.26,neutral,32,False
1351,4053,176.2173913043478,no_emotion,0.67,happy,32,False
1352,4056,176.34782608695653,no_emotion,0.59,happy,32,False
1353,4059,176.47826086956522,no_emotion,0.55,happy,32,False
1354,4062,176.6086956521739,no_emotion,0.32,happy,32,False
1355,4065,176.7391304347826,no_emotion,0.42,sad,32,False
1356,4068,176.8695652173913,no_emotion,0.53,sad,32,False
1357,4071,177.0,no_emotion,0.71,sad,32,False
1358,4074,177.1304347826087,no_emotion,0.0,,32,False
1359,4077,177.2608695652174,no_emotion,0.0,,32,False
1360,4080,177.3913043478261,no_emotion,0.79,sad,32,False
1361,4083,177.52173913043478,no_emotion,0.55,sad,32,False
1362,4086,177.65217391304347,no_emotion,0.38,sad,32,False
1363,4089,177.7826086956522,no_emotion,0.49,angry,32,False
1364,4092,177.91304347826087,no_emotion,0.52,angry,32,False
1365,4095,178.04347826086956,no_emotion,0.39,angry,32,False
1366,4098,178.17391304347825,no_emotion,0.55,sad,32,False
1367,4101,178.30434782608697,no_emotion,0.45,angry,32,False
1368,4104,178.43478260869566,no_emotion,0.67,sad,32,False
1369,4107,178.56521739130434,no_emotion,0.0,,32,False
1370,4110,178.69565217391303,no_emotion,0.0,,32,False
1371,4113,178.82608695652175,no_emotion,0.0,,32,False
1372,4116,178.95652173913044,no_emotion,0.0,,32,False
1373,4119,179.08695652173913,no_emotion,0.0,,32,False
1374,4122,179.2173913043478,no_emotion,0.0,,32,False
1375,4125,179.34782608695653,no_emotion,0.0,,32,False
1376,4128,179.47826086956522,no_emotion,0.0,,32,False
1377,4131,179.6086956521739,no_emotion,0.0,,32,False
1378,4134,179.7391304347826,no_emotion,0.0,,32,False
1379,4137,179.8695652173913,no_emotion,0.0,,32,False
1380,4140,180.0,no_emotion,0.0,,32,False
1381,4143,180.1304347826087,no_emotion,0.0,,32,False
1382,4146,180.2608695652174,no_emotion,0.0,,32,False
1383,4149,180.3913043478261,no_emotion,0.0,,32,False
1384,4152,180.5217391304348,no_emotion,0.0,,32,False
1385,4155,180.65217391304347,no_emotion,0.0,,32,False
1386,4158,180.7826086956522,no_emotion,0.0,,32,False
1387,4161,180.91304347826087,no_emotion,0.0,,32,False
1388,4164,181.0434782608696,no_emotion,0.0,,32,False
1389,4167,181.17391304347825,no_emotion,0.0,,32,False
1390,4170,181.30434782608697,no_emotion,0.0,,32,False
1391,4173,181.43478260869568,no_emotion,0.0,,32,False
1392,4176,181.56521739130437,no_emotion,0.0,,32,False
1393,4179,181.69565217391303,no_emotion,0.0,,32,False
1394,4182,181.82608695652172,no_emotion,0.0,,32,False
1395,4185,181.95652173913044,no_emotion,0.0,,32,False
1396,4188,182.08695652173915,no_emotion,0.0,,32,False
1397,4191,182.2173913043478,no_emotion,0.0,,32,False
1398,4194,182.34782608695653,no_emotion,0.0,,32,False
1399,4197,182.4782608695652,no_emotion,0.0,,32,False
1400,4200,182.6086956521739,no_emotion,0.0,,32,False
1401,4203,182.7391304347826,no_emotion,0.0,,32,False
1402,4206,182.8695652173913,no_emotion,0.0,,32,False
1403,4209,183.0,no_emotion,0.0,,32,False
1404,4212,183.1304347826087,no_emotion,0.0,,32,False
1405,4215,183.2608695652174,no_emotion,0.0,,32,False
1406,4218,183.3913043478261,no_emotion,0.0,,33,False
1407,4221,183.5217391304348,no_emotion,0.85,neutral,33,False
1408,4224,183.65217391304347,no_emotion,0.88,neutral,33,False
1409,4227,183.7826086956522,no_emotion,0.85,neutral,33,False
1410,4230,183.91304347826087,no_emotion,0.94,neutral,33,False
1411,4233,184.0434782608696,no_emotion,0.91,neutral,33,False
1412,4236,184.17391304347825,no_emotion,0.9,neutral,33,False
1413,4239,184.30434782608697,no_emotion,0.0,,33,False
1414,4242,184.43478260869568,no_emotion,0.71,neutral,33,False
1415,4245,184.56521739130437,no_emotion,0.69,neutral,33,False
1416,4248,184.69565217391303,no_emotion,0.78,neutral,33,False
1417,4251,184.82608695652172,no_emotion,0.83,neutral,33,False
1418,4254,184.95652173913044,no_emotion,0.72,neutral,33,False
1419,4257,185.08695652173915,no_emotion,0.77,neutral,33,False
1420,4260,185.2173913043478,no_emotion,0.48,neutral,33,False
1421,4263,185.34782608695653,no_emotion,0.71,neutral,33,False
1422,4266,185.4782608695652,no_emotion,0.61,neutral,33,False
1423,4269,185.6086956521739,no_emotion,0.6,neutral,33,False
1424,4272,185.7391304347826,no_emotion,0.76,neutral,33,False
1425,4275,185.8695652173913,no_emotion,0.0,,33,False
1426,4278,186.0,no_emotion,0.0,,33,False
1427,4281,186.1304347826087,no_emotion,0.0,,33,False
1428,4284,186.2608695652174,no_emotion,0.0,,33,False
1429,4287,186.3913043478261,no_emotion,0.0,,33,False
1430,4290,186.5217391304348,no_emotion,0.47,neutral,33,False
1431,4293,186.65217391304347,no_emotion,0.0,,33,False
1432,4296,186.7826086956522,no_emotion,0.0,,33,False
1433,4299,186.91304347826087,no_emotion,0.0,,33,False
1434,4302,187.0434782608696,no_emotion,0.0,,33,False
1435,4305,187.17391304347825,no_emotion,0.0,,33,False
1436,4308,187.30434782608697,no_emotion,0.84,neutral,33,False
1437,4311,187.43478260869568,no_emotion,0.87,neutral,33,False
1438,4314,187.56521739130437,no_emotion,0.0,,34,False
1439,4317,187.69565217391303,no_emotion,0.0,,34,False
1440,4320,187.82608695652172,no_emotion,0.0,,34,False
1441,4323,187.95652173913044,no_emotion,0.74,happy,34,False
1442,4326,188.08695652173915,no_emotion,0.0,,34,False
1443,4329,188.2173913043478,no_emotion,0.0,,34,False
1444,4332,188.34782608695653,no_emotion,0.0,,34,False
1445,4335,188.4782608695652,no_emotion,0.0,,34,False
1446,4338,188.6086956521739,no_emotion,0.0,,34,False
1447,4341,188.7391304347826,no_emotion,0.0,,34,False
1448,4344,188.8695652173913,no_emotion,0.0,,34,False
1449,4347,189.0,no_emotion,0.0,,34,False
1450,4350,189.1304347826087,no_emotion,0.0,,34,False
1451,4353,189.2608695652174,no_emotion,0.0,,34,False
1452,4356,189.3913043478261,no_emotion,0.0,,34,False
1453,4359,189.5217391304348,no_emotion,0.0,,34,False
1454,4362,189.65217391304347,no_emotion,0.0,,34,False
1455,4365,189.7826086956522,no_emotion,0.0,,34,False
1456,4368,189.91304347826087,no_emotion,0.0,,34,False
1457,4371,190.0434782608696,no_emotion,0.0,,34,False
1458,4374,190.17391304347825,no_emotion,0.0,,34,False
1459,4377,190.30434782608697,no_emotion,0.0,,34,False
1460,4380,190.43478260869568,no_emotion,0.0,,34,False
1461,4383,190.56521739130437,no_emotion,0.0,,34,False
1462,4386,190.69565217391303,no_emotion,0.0,,34,False
1463,4389,190.82608695652172,no_emotion,0.0,,34,False
1464,4392,190.95652173913044,no_emotion,0.0,,34,False
1465,4395,191.08695652173915,no_emotion,0.0,,34,False
1466,4398,191.2173913043478,no_emotion,0.0,,34,False
1467,4401,191.34782608695653,no_emotion,0.0,,34,False
1468,4404,191.4782608695652,no_emotion,0.0,,34,False
1469,4407,191.6086956521739,no_emotion,0.0,,34,False
1470,4410,191.7391304347826,no_emotion,0.0,,34,False
1471,4413,191.8695652173913,no_emotion,0.0,,34,False
1472,4416,192.0,no_emotion,0.0,,34,False
1473,4419,192.1304347826087,no_emotion,0.0,,34,False
1474,4422,192.2608695652174,no_emotion,0.0,,34,False
1475,4425,192.3913043478261,no_emotion,0.0,,34,False
1476,4428,192.5217391304348,no_emotion,0.0,,34,False
1477,4431,192.65217391304347,no_emotion,0.0,,34,False
1478,4434,192.7826086956522,no_emotion,0.0,,34,False
1479,4437,192.91304347826087,no_emotion,0.0,,34,False
1480,4440,193.0434782608696,no_emotion,0.0,,34,False
1481,4443,193.17391304347825,no_emotion,0.0,,34,False
1482,4446,193.30434782608697,no_emotion,0.0,,34,False
1483,4449,193.43478260869568,no_emotion,0.0,,34,False
1484,4452,193.56521739130437,no_emotion,0.0,,34,False
1485,4455,193.69565217391303,no_emotion,0.0,,34,False
1486,4458,193.82608695652172,no_emotion,0.0,,34,False
1487,4461,193.95652173913044,no_emotion,0.0,,34,False
1488,4464,194.08695652173915,no_emotion,0.0,,34,False
1489,4467,194.2173913043478,no_emotion,0.0,,34,False
1490,4470,194.34782608695653,no_emotion,0.0,,34,False
1491,4473,194.4782608695652,no_emotion,0.0,,34,False
1492,4476,194.6086956521739,no_emotion,0.0,,34,False
1493,4479,194.7391304347826,no_emotion,0.0,,34,False
1494,4482,194.8695652173913,no_emotion,0.0,,34,False
1495,4485,195.0,no_emotion,0.0,,34,False
1496,4488,195.1304347826087,no_emotion,0.0,,34,False
1497,4491,195.2608695652174,no_emotion,0.0,,34,False
1498,4494,195.3913043478261,no_emotion,0.0,,34,False
1499,4497,195.5217391304348,no_emotion,0.0,,34,False
1500,4500,195.65217391304347,no_emotion,0.0,,34,False
1501,4503,195.7826086956522,no_emotion,0.0,,34,False
1502,4506,195.91304347826087,no_emotion,0.0,,34,False
1503,4509,196.0434782608696,no_emotion,0.0,,34,False
1504,4512,196.17391304347825,no_emotion,0.0,,34,False
1505,4515,196.30434782608697,no_emotion,0.0,,34,False
1506,4518,196.43478260869568,no_emotion,0.0,,34,False
1507,4521,196.56521739130437,no_emotion,0.0,,34,False
1508,4524,196.69565217391303,no_emotion,0.0,,34,False
1509,4527,196.82608695652172,no_emotion,0.0,,34,False
1510,4530,196.95652173913044,no_emotion,0.0,,34,False
1511,4533,197.08695652173915,no_emotion,0.0,,34,False
1512,4536,197.2173913043478,no_emotion,0.0,,34,False
1513,4539,197.34782608695653,no_emotion,0.0,,34,False
1514,4542,197.4782608695652,no_emotion,0.0,,34,False
1515,4545,197.6086956521739,no_emotion,0.0,,34,False
1516,4548,197.7391304347826,no_emotion,0.0,,34,False
1517,4551,197.8695652173913,no_emotion,0.0,,34,False
1518,4554,198.0,no_emotion,0.0,,34,False
1519,4557,198.1304347826087,no_emotion,0.0,,35,False
1520,4560,198.2608695652174,no_emotion,0.0,,35,False
1521,4563,198.3913043478261,no_emotion,0.0,,35,False
1522,4566,198.5217391304348,no_emotion,0.0,,35,False
1523,4569,198.65217391304347,no_emotion,0.0,,35,False
1524,4572,198.7826086956522,no_emotion,0.0,,35,False
1525,4575,198.91304347826087,no_emotion,0.0,,35,False
1526,4578,199.0434782608696,no_emotion,0.0,,35,False
1527,4581,199.17391304347825,no_emotion,0.0,,35,False
1528,4584,199.30434782608697,no_emotion,0.0,,35,False
1529,4587,199.43478260869568,no_emotion,0.0,,35,False
1530,4590,199.56521739130437,no_emotion,0.5,neutral,35,False
1531,4593,199.69565217391303,no_emotion,0.0,,35,False
1532,4596,199.82608695652172,no_emotion,0.0,,35,False
1533,4599,199.95652173913044,no_emotion,0.0,,35,False
1534,4602,200.08695652173915,no_emotion,0.0,,35,False
1535,4605,200.2173913043478,no_emotion,0.0,,35,False
1536,4608,200.34782608695653,no_emotion,0.0,,35,False
1537,4611,200.4782608695652,no_emotion,0.0,,35,False
1538,4614,200.6086956521739,no_emotion,0.53,sad,35,False
1539,4617,200.7391304347826,no_emotion,0.54,sad,35,False
1540,4620,200.8695652173913,no_emotion,0.51,sad,35,False
1541,4623,201.0,no_emotion,0.5,sad,35,False
1542,4626,201.1304347826087,no_emotion,0.57,sad,35,False
1543,4629,201.2608695652174,no_emotion,0.0,,35,False
1544,4632,201.3913043478261,no_emotion,0.0,,35,False
1545,4635,201.5217391304348,no_emotion,0.0,,35,False
1546,4638,201.65217391304347,no_emotion,0.0,,36,False
1547,4641,201.7826086956522,no_emotion,0.0,,36,False
1548,4644,201.91304347826087,no_emotion,0.0,,36,False
1549,4647,202.0434782608696,no_emotion,0.0,,36,False
1550,4650,202.17391304347825,no_emotion,0.0,,36,False
1551,4653,202.30434782608697,no_emotion,0.0,,36,False
1552,4656,202.43478260869568,no_emotion,0.0,,36,False
1553,4659,202.56521739130437,no_emotion,0.0,,36,False
1554,4662,202.69565217391303,no_emotion,0.0,,36,False
1555,4665,202.82608695652172,no_emotion,0.0,,36,False
1556,4668,202.95652173913044,no_emotion,0.0,,36,False
1557,4671,203.08695652173915,no_emotion,0.0,,36,False
1558,4674,203.2173913043478,no_emotion,0.0,,36,False
1559,4677,203.34782608695653,no_emotion,0.0,,36,False
1560,4680,203.4782608695652,no_emotion,0.0,,36,False
1561,4683,203.6086956521739,no_emotion,0.0,,36,False
1562,4686,203.7391304347826,no_emotion,0.0,,36,False
1563,4689,203.8695652173913,no_emotion,0.0,,36,False
1564,4692,204.0,no_emotion,0.0,,36,False
1565,4695,204.1304347826087,no_emotion,0.0,,36,False
1566,4698,204.2608695652174,no_emotion,0.0,,36,False
1567,4701,204.3913043478261,no_emotion,0.0,,36,False
1568,4704,204.5217391304348,no_emotion,0.0,,36,False
1569,4707,204.65217391304347,no_emotion,0.0,,36,False
1570,4710,204.7826086956522,no_emotion,0.0,,36,False
1571,4713,204.91304347826087,no_emotion,0.0,,36,False
1572,4716,205.0434782608696,no_emotion,0.0,,36,False
1573,4719,205.17391304347825,no_emotion,0.0,,36,False
1574,4722,205.30434782608697,no_emotion,0.0,,36,False
1575,4725,205.43478260869568,no_emotion,0.0,,36,False
1576,4728,205.56521739130437,no_emotion,0.0,,36,False
1577,4731,205.69565217391303,no_emotion,0.0,,36,False
1578,4734,205.82608695652172,no_emotion,0.0,,36,False
1579,4737,205.95652173913044,no_emotion,0.0,,36,False
1580,4740,206.08695652173915,no_emotion,0.0,,36,False
1581,4743,206.2173913043478,no_emotion,0.0,,36,False
1582,4746,206.34782608695653,no_emotion,0.0,,36,False
1583,4749,206.4782608695652,no_emotion,0.0,,36,False
1584,4752,206.6086956521739,no_emotion,0.0,,36,False
1585,4755,206.7391304347826,no_emotion,0.0,,36,False
1586,4758,206.8695652173913,no_emotion,0.0,,36,False
1587,4761,207.0,no_emotion,0.0,,36,False
1588,4764,207.1304347826087,no_emotion,0.0,,36,False
1589,4767,207.2608695652174,no_emotion,0.0,,36,False
1590,4770,207.3913043478261,no_emotion,0.0,,36,False
1591,4773,207.5217391304348,no_emotion,0.0,,36,False
1592,4776,207.65217391304347,no_emotion,0.59,sad,36,False
1593,4779,207.7826086956522,no_emotion,0.0,,36,False
1594,4782,207.91304347826087,no_emotion,0.0,,36,False
1595,4785,208.0434782608696,no_emotion,0.0,,36,False
1596,4788,208.17391304347825,no_emotion,0.0,,36,False
1597,4791,208.30434782608697,no_emotion,0.0,,36,False
1598,4794,208.43478260869568,no_emotion,0.0,,36,False
1599,4797,208.56521739130437,no_emotion,0.0,,36,False
1600,4800,208.69565217391303,no_emotion,0.0,,36,False
1601,4803,208.82608695652172,no_emotion,0.0,,36,False
1602,4806,208.95652173913044,no_emotion,0.39,sad,36,False
1603,4809,209.08695652173915,no_emotion,0.0,,36,False
1604,4812,209.2173913043478,no_emotion,0.44,sad,36,False
1605,4815,209.34782608695653,no_emotion,0.0,,36,False
1606,4818,209.4782608695652,no_emotion,0.0,,36,False
1607,4821,209.6086956521739,no_emotion,0.0,,36,False
1608,4824,209.7391304347826,no_emotion,0.0,,36,False
1609,4827,209.8695652173913,no_emotion,0.0,,36,False
1610,4830,210.0,no_emotion,0.0,,36,False
1611,4833,210.1304347826087,no_emotion,0.0,,36,False
1612,4836,210.2608695652174,no_emotion,0.0,,36,False
1613,4839,210.3913043478261,no_emotion,0.0,,36,False
1614,4842,210.5217391304348,no_emotion,0.0,,36,False
1615,4845,210.65217391304347,no_emotion,0.0,,36,False
1616,4848,210.7826086956522,no_emotion,0.0,,36,False
1617,4851,210.91304347826087,no_emotion,0.0,,36,False
1618,4854,211.0434782608696,no_emotion,0.0,,36,False
1619,4857,211.17391304347825,no_emotion,0.0,,36,False
1620,4860,211.30434782608697,no_emotion,0.0,,36,False
1621,4863,211.43478260869568,no_emotion,0.0,,36,False
1622,4866,211.56521739130437,no_emotion,0.0,,36,False
1623,4869,211.69565217391303,no_emotion,0.0,,36,False
1624,4872,211.82608695652172,no_emotion,0.0,,36,False
1625,4875,211.95652173913044,no_emotion,0.0,,36,False
1626,4878,212.08695652173915,no_emotion,0.0,,37,False
1627,4881,212.2173913043478,no_emotion,0.0,,37,False
1628,4884,212.34782608695653,no_emotion,0.0,,37,False
1629,4887,212.4782608695652,no_emotion,0.0,,37,False
1630,4890,212.6086956521739,no_emotion,0.0,,37,False
1631,4893,212.7391304347826,no_emotion,0.0,,37,False
1632,4896,212.8695652173913,no_emotion,0.0,,37,False
1633,4899,213.0,no_emotion,0.0,,37,False
1634,4902,213.1304347826087,no_emotion,0.0,,37,False
1635,4905,213.2608695652174,no_emotion,0.0,,37,False
1636,4908,213.3913043478261,no_emotion,0.0,,37,False
1637,4911,213.5217391304348,no_emotion,0.0,,37,False
1638,4914,213.65217391304347,no_emotion,0.0,,37,False
1639,4917,213.7826086956522,no_emotion,0.0,,37,False
1640,4920,213.91304347826087,no_emotion,0.0,,37,False
1641,4923,214.0434782608696,no_emotion,0.57,sad,37,False
1642,4926,214.17391304347825,no_emotion,0.69,sad,37,False
1643,4929,214.30434782608697,no_emotion,0.72,sad,37,False
1644,4932,214.43478260869568,no_emotion,0.68,sad,37,False
1645,4935,214.56521739130437,no_emotion,0.65,sad,37,False
1646,4938,214.69565217391303,sad,0.8,sad,37,True
1647,4941,214.82608695652172,no_emotion,0.69,sad,37,False
1648,4944,214.95652173913044,no_emotion,0.72,sad,37,False
1649,4947,215.08695652173915,no_emotion,0.67,sad,37,False
1650,4950,215.2173913043478,no_emotion,0.64,sad,37,False
1651,4953,215.34782608695653,no_emotion,0.74,sad,37,False
1652,4956,215.4782608695652,no_emotion,0.7,sad,37,False
1653,4959,215.6086956521739,no_emotion,0.0,,37,False
1654,4962,215.7391304347826,no_emotion,0.76,sad,37,False
1655,4965,215.8695652173913,no_emotion,0.51,sad,37,False
1656,4968,216.0,no_emotion,0.0,,37,False
1657,4971,216.1304347826087,no_emotion,0.62,sad,37,False
1658,4974,216.2608695652174,no_emotion,0.0,,37,False
1659,4977,216.3913043478261,no_emotion,0.67,sad,37,False
1660,4980,216.5217391304348,no_emotion,0.0,,37,False
1661,4983,216.65217391304347,no_emotion,0.51,sad,37,False
1662,4986,216.7826086956522,no_emotion,0.0,,37,False
1663,4989,216.91304347826087,no_emotion,0.62,sad,37,False
1664,4992,217.0434782608696,no_emotion,0.68,sad,37,False
1665,4995,217.17391304347825,no_emotion,0.56,sad,37,False
1666,4998,217.30434782608697,no_emotion,0.0,,37,False
1667,5001,217.43478260869568,no_emotion,0.0,,37,False
1668,5004,217.56521739130437,no_emotion,0.66,sad,37,False
1669,5007,217.69565217391303,no_emotion,0.71,sad,37,False
1670,5010,217.82608695652172,no_emotion,0.66,sad,37,False
1671,5013,217.95652173913044,no_emotion,0.64,sad,37,False
1672,5016,218.08695652173915,no_emotion,0.0,,37,False
1673,5019,218.2173913043478,no_emotion,0.0,,37,False
1674,5022,218.34782608695653,no_emotion,0.37,neutral,37,False
1675,5025,218.4782608695652,no_emotion,0.0,,37,False
1676,5028,218.6086956521739,no_emotion,0.62,sad,37,False
1677,5031,218.7391304347826,no_emotion,0.59,sad,37,False
1678,5034,218.8695652173913,no_emotion,0.43,sad,37,False
1679,5037,219.0,no_emotion,0.0,,37,False
1680,5040,219.1304347826087,no_emotion,0.0,,37,False
1681,5043,219.2608695652174,no_emotion,0.45,sad,37,False
1682,5046,219.3913043478261,no_emotion,0.0,,37,False
1683,5049,219.5217391304348,no_emotion,0.43,sad,37,False
1684,5052,219.65217391304347,no_emotion,0.0,,37,False
1685,5055,219.7826086956522,no_emotion,0.55,sad,37,False
1686,5058,219.91304347826087,no_emotion,0.0,,37,False
